e_y,e_theta_rad,line_confidence,rpm_left,rpm_right,duty_prev_left,duty_prev_right,target_duty_left,target_duty_right,duty_left,duty_right
0.0,0.0,1.0,0.0,0.0,0.0,0.0,0.5257505,0.7038543,0.20000000298023224,0.20000000298023224
-1.0,-1.2,1.0,-120.0,120.0,-1.0,1.0,-0.97642577,0.7549154,-0.9764257669448853,0.8858983073806926
1.0,1.2,1.0,120.0,-120.0,1.0,-1.0,0.890906,-0.92089957,0.8964519744904902,-0.9208995699882507
0.8,-0.7,0.0,25.0,25.0,0.2,-0.2,0.91515064,-0.9367166,0.0,0.0
-0.8,0.7,0.35,-25.0,-25.0,-0.2,0.2,-0.9804507,0.8625703,-0.4000000059604645,0.4000000059604645
-0.9385159407896639,-0.8288563005876339,0.2939504470452664,30.50076394072346,124.94875057787345,0.9527126292133392,-0.06999705078287288,-0.98249507,0.672534,0.7527126669883728,0.1300029456615448
-0.7118615780141235,1.039729287819152,0.3600432317365586,-178.7074901988927,-135.39948578947116,-0.4729177861638503,0.3725182242692584,-0.9594085,0.88433826,-0.6729177832603455,0.5725182294845581
0.020016654102197107,1.1174095307415457,0.1357901954091968,-53.50378742622007,-70.22803579794788,-0.5500077994568566,0.3914694769770577,0.93952703,-0.95508033,-0.3500078320503235,0.1914694756269455
0.30499922254050005,1.1098614502617958,0.22262158819748445,165.324945318318,-175.75048781666464,0.060264246096984,-0.2743350369340716,0.9088385,-0.943218,0.26026424765586853,-0.4743350148200989
-0.23096355358834564,0.3913388061052083,0.334229416137395,-120.02091958144194,-6.683973988783805,0.20386884005888817,-0.7226053729095991,0.47736463,0.6463789,0.4038688540458679,-0.5226053595542908
-0.004328258670414087,-0.26836321374122063,0.9939737188472066,74.7695246661512,-36.68948424276945,-0.8205415152566153,0.33455087248559146,0.45455888,0.723231,-0.620541512966156,0.5345509052276611
0.5931935346279267,0.29339992053215225,0.5774707959342548,-96.60979407419528,84.38412739922711,0.15603051527638923,-0.8432066946652916,0.9240967,-0.9254169,0.35603052377700806,-0.925416886806488
-0.8787466697838753,-1.1654902121238917,0.08555036338418776,114.62054699740406,162.80258631513283,0.1497101484824297,0.03662070891071467,-0.98495495,0.5263768,-0.050289854407310486,0.2366207093000412
-0.3837403468673184,0.9526037227388002,0.4022588190084334,28.24345553719843,-122.36651585650549,-0.09394031841482353,-0.6060085892975138,0.7148691,0.65533394,0.10605968534946442,-0.40600860118865967
0.8379343742956635,0.7014994530150644,0.6461392587010892,-195.78513501178296,-182.6446578529967,-0.7056275706468607,0.994779488208597,0.9229097,-0.9561221,-0.5056275725364685,0.7947794795036316
-0.8455575736982985,0.21404358983871585,0.5668262825153562,147.82668820579312,123.32860617741204,0.2381717975178157,-0.25325441251428615,-0.9644725,0.84392506,0.03817179799079895,-0.05325441062450409
-0.05387348329685948,-0.5184692000149385,0.8909246144252158,166.23808225239202,-174.45162059484005,-0.1307016270561221,-0.3992071208320471,0.5413577,0.77253824,0.06929837167263031,-0.1992071121931076
-0.4643309293422926,1.0827021686820988,0.6350082835632312,111.86780778015594,-153.87423704116952,-0.3630895358532298,-0.4631550132483395,0.8847754,0.6586463,-0.16308952867984772,-0.2631549835205078
0.8917865621287884,-0.2857127431584794,0.46759663534652396,70.94743248539095,-140.34903768351583,0.3581286750452377,-0.44163223534014207,0.8911319,-0.9182097,0.5581286549568176,-0.6416322588920593
-0.5581364821437251,0.16733682172960918,0.48981234715502486,115.87535839471934,-31.53534782700885,-0.3034505133012795,0.9045598659203309,-0.9334514,0.8738271,-0.5034505128860474,0.8941848358069378
-0.9626210515608125,-0.4620739167175719,0.962454816402233,184.90605832121798,-188.3061883877834,-0.17883426316801954,0.2910736766206552,-0.6545042,0.7833477,-0.37883424758911133,0.4910736680030823
-0.7257678916961339,0.7214942883039674,0.17639104483953516,91.8389803845975,-73.05829917799396,0.692850470202564,-0.6236926028554259,-0.97429025,0.8578891,0.49285048246383667,-0.42369264364242554
0.4545798716117546,-0.9309071761823295,0.3945209369645809,155.91678502910702,-106.64642728426364,-0.3611640434940313,-0.9113903662496343,0.8747593,-0.8028812,-0.1611640304327011,-0.9
-0.6131390180671252,-0.10193492255637726,0.8557262687056999,53.521432453271046,123.8870522746547,-0.17060992485346915,-0.4357990905913316,-0.933684,0.88589215,-0.37060993909835815,-0.23579908907413483
-0.8417490146146724,0.990411445417803,0.9840971608687463,3.851665180191276,-72.2451040488131,-0.22098799478848496,-0.660568683549084,-0.9235224,0.90686667,-0.420987993478775,-0.4605686664581299
-0.15177820707930167,-0.716223923216992,0.21940433130378112,-191.28057843974472,-32.3683756380878,-0.5849093950468531,-0.40712534747704354,-0.9423784,0.8686136,-0.7849093675613403,-0.20712535083293915
-0.9218182232970946,-0.445830162163118,0.36807676614379414,45.080137483064135,100.03249788160497,0.46809209928877205,-0.529199067562589,-0.97897923,0.7496775,0.2680920958518982,-0.32919907569885254
-0.5083840114447409,-1.156990697719254,0.9251191541209631,-42.76584791214151,123.60781833958004,0.23721619581069397,-0.44001164457522557,-0.9230711,0.83227974,0.0372161865234375,-0.24001164734363556
-0.8903531811691965,0.15756109118504535,0.5372052291348577,-89.43052222223274,174.66378270654093,0.5276700986190597,-0.5186348301158401,-0.98746085,0.86001074,0.3276700973510742,-0.31863486766815186
0.09068595801064117,0.4693051623969211,0.8967679930162968,173.30458900492255,-5.224095688309745,0.3244191544728452,-0.44371198440236337,0.5972891,0.72930926,0.5244191288948059,-0.24371199309825897
0.6135256914698906,-0.46549384969664265,0.8317960555417596,164.7811908867548,-171.47633400085152,-0.11002086089453944,0.6952504696586079,0.87930113,-0.6738571,0.0899791419506073,0.4952504634857178
-0.14182123712394334,0.19322554562020589,0.8602893769827965,193.53863846257394,70.05979821584225,0.47912802932944176,-0.44089990713758365,0.37567726,0.76713246,0.6791280508041382,-0.24089990556240082
-0.3321152083669481,-1.1611959061858965,0.018561427723585378,84.512814490822,-129.28271777998276,-0.7649634388620217,-0.1448880047544332,-0.9073198,0.72984695,-0.9073197841644287,0.05511200428009033
0.911913311162668,-0.7943607112178086,0.7478421405318358,195.0025294419434,-21.505212387007703,0.8159405899058401,-0.12605790580634046,0.9201769,-0.883783,0.9201769232749939,-0.32605791091918945
-0.5956129402798036,0.6068182559557809,0.5441446791380536,-118.55627936036561,-123.38993632244102,0.7492922633928876,0.6630646450963573,-0.94398755,0.9013222,0.549292266368866,0.8630646467208862
-0.3599716509721098,-0.3213285187927778,0.3726803696735279,-116.84344137214997,-156.7275969125892,-0.402805207871453,0.5423370697282006,-0.89068884,0.8756402,-0.6028051972389221,0.7423370480537415
-0.7012542850211902,-0.236277142389403,0.8577445949407203,-21.63655228984743,109.68332130124884,0.3131367515228862,-0.7206594880761625,-0.96033114,0.87854475,0.11313675343990326,-0.5206595063209534
0.32438998880073533,-0.15320536686781794,0.7296615673383414,41.19547029793998,-84.7029891209639,-0.7540443356325042,0.48750010922417797,0.69291764,0.66421497,-0.5540443658828735,0.6642149686813354
0.8676978325852105,-0.38041031942484627,0.12531995371967652,-143.93914449005575,98.0082256308508,0.029435257028820994,0.8082088131539409,0.938542,-0.94514304,0.2294352650642395,0.6082088351249695
-0.40703435669803456,-0.10035238926772805,0.9870830036259011,197.59091455572616,-44.94526978246461,-0.926249726908702,0.9726230797367483,0.56788266,0.8156189,-0.7262497544288635,0.9272224377806536
0.645952245915278,-0.10387414557358277,0.19878473358297766,-138.25198280640856,-106.23242120340296,-0.3307781605516684,-0.2542502825362283,0.9102009,-0.9404585,-0.13077814877033234,-0.4542502760887146
0.6716676603134832,0.38959225626604077,0.5284401492897788,-5.770510481870417,110.53016771279124,-0.5099340928333536,0.7777765600035229,0.93084294,-0.9278789,-0.3099340796470642,0.5777765512466431
0.2966300354393647,-0.020161027701278478,0.9477849413396234,-133.24625216993417,35.30901512483581,0.5290728653711518,0.7898462156462764,0.6943134,0.57493806,0.7290728688240051,0.662351282715605
0.7354235721639641,0.14293533462952324,0.004343652485463867,-22.397331863708303,-13.648647787593319,0.957698209059276,-0.2569800755980367,0.90376544,-0.9423825,0.9037654399871826,-0.45698004961013794
-0.04288623081986853,-0.9850168200677958,0.3545288104137667,7.097851451111069,85.02965058438855,-0.6704724619761542,0.04591045096004431,-0.92837346,0.8157954,-0.8704724311828613,0.24591045081615448
-0.2542750411957537,0.14345753989549603,0.24547750885968989,-161.49309712131134,199.1856256761679,0.5203395979302161,-0.8734442848287878,0.04768965,0.67219484,0.3203396201133728,-0.6734442710876465
-0.5731508722594298,1.0399136660282884,0.9127785485794527,-183.4318063249841,177.49807543304672,-0.7831716739225538,-0.783514689711666,0.8349646,0.5218485,-0.5831716656684875,-0.5835146903991699
-0.7195967607342464,0.001221247619622945,0.6316829091784574,101.99842673062545,9.925585870532586,0.010049881884645062,-0.4769976552411661,-0.93348366,0.85934407,-0.1899501234292984,-0.2769976258277893
0.8592449877639967,1.0166882996895152,0.6837330702689779,-58.681582921893835,-19.299809858280128,-0.49083067526024293,-0.8774316354230556,0.9201069,-0.9466838,-0.29083067178726196,-0.9466838240623474
-0.2613394340113706,1.0276109815544388,0.032067339437851894,-120.51373472507633,-127.68645205051006,0.23391922087551875,-0.79038651031783,0.72778374,0.7480381,0.433919221162796,-0.5903865098953247
-0.4084246870437074,-0.1961535968767283,0.9444471181009281,11.793941143080332,65.31147627247219,-0.5348523490946244,0.8087474360015916,0.6393298,0.76166457,-0.33485233783721924,0.7832147323195195
-0.34963109688136984,1.0003622401142578,0.27376013356108253,-40.64883519693353,157.8051903820309,0.4324771529620999,-0.21700747977743706,0.7569325,0.5622507,0.6324771642684937,-0.01700747013092041
0.2325331057897868,-0.4497938597890758,0.44385353400347316,-187.4684115764862,-53.568860989834434,0.8708251660913875,0.5530260951831774,0.6528814,0.5448245,0.7695729052123577,0.6615160023269206
-0.8187647490839629,-0.9286689839633941,0.6922464971926523,-107.02387646640146,-87.24564668229134,-0.9674983268187141,0.2032966139298018,-0.92811847,0.7733069,-0.9281184673309326,0.4032966196537018
0.0050952723273947065,1.2006684884115195,0.5483724926805533,-44.2281335064647,85.33010102713246,-0.1878114210778279,-0.5001862874028418,0.87908715,-0.83956224,0.012188583612442017,-0.7001862525939941
-0.5055252520337039,0.9669621079754687,0.41691183342326066,-111.16371760298654,130.13757266661122,0.02815215938335114,0.5835601514141018,-0.9385802,0.82170945,-0.1718478500843048,0.7835601568222046
-0.2258629819600675,0.7467240744831471,0.6883011379888826,-27.12563460564249,60.82415882940575,-0.08047773150079585,-0.8398806850546756,0.57225597,0.60901135,0.11952227354049683,-0.6398807168006897
0.9574735161980255,-1.205864721269929,0.3203814701945924,-34.857433406531214,83.88352662148225,0.4954504097469816,-0.7229377005324447,0.9448706,-0.9327905,0.6954504251480103,-0.9229376912117004
0.3799361017523104,-0.13964268009917213,0.297841204599268,-161.10177056959918,-39.81331565093606,0.2733696471963656,-0.2862948086324477,0.9146354,-0.9437786,0.47336965799331665,-0.48629480600357056
0.07381294728330356,-1.2330240161232322,0.1699552737413228,101.60670153027036,-13.159892461775655,-0.19742168267742244,-0.2521822071058335,-0.7714221,0.83313465,-0.3974216878414154,-0.052182212471961975
0.5286950968230035,-0.939785411935885,0.38559404393289154,165.65434978564133,155.69705372857612,0.5362570833412366,-0.33009876005860406,0.9077563,-0.8686731,0.7362570762634277,-0.5300987362861633
-0.38268563664554645,0.7631575040552114,0.6361433388883901,97.15317454227409,-143.0245431676468,0.43493691818458036,0.0006479174112443697,0.62432235,0.73266965,0.6349369287490845,0.20064792037010193
0.14287771527058957,0.966995881886417,0.6748682743226554,-100.82340924044546,-148.25500514499902,-0.7668109183199585,-0.40938746540993054,0.9079419,-0.9011151,-0.5668109059333801,-0.6093874573707581
-0.7105343852112185,-0.4129855079492839,0.4323179333842033,-33.215679333169305,3.3158666056253594,-0.317967772921274,0.16657518891756773,-0.9622953,0.808319,-0.5179677605628967,0.3665751814842224
0.32585936077631583,1.2066581512731722,0.673462091020989,99.75975865163133,103.54310283285946,-0.9791680612966824,0.7782046422807176,0.9142745,-0.9196689,-0.7791680693626404,0.5782046318054199
-0.528066016074402,1.1561877184821805,0.898643364426435,185.3810229338249,125.86730423580497,-0.0530978505239208,0.10267328485449312,0.90605223,0.6152095,0.1469021439552307,0.3026732802391052
-0.5318668702285323,0.28851482048263466,0.22544504423507417,72.49804784607,169.7460398065425,0.347480473374955,-0.07505393999106635,-0.9739976,0.8511047,0.14748047292232513,0.12494606524705887
-0.1912989586239051,0.22404909953034147,0.6984035444243152,-138.80197775382715,180.7573543677026,-0.23347963526736892,-0.9691299776133537,0.5414023,0.58252877,-0.03347963094711304,-0.7691299915313721
-0.21953747025334258,-0.36993275128654357,0.24713305893115978,-28.003903606999017,179.06423399249428,-0.020270624574499907,0.9262525416985963,-0.9745893,0.8541676,-0.22027063369750977,0.8879079353257243
-0.9948207008879439,0.9769495261449963,0.9353188025158757,-138.43306364799832,49.013243775026524,-0.11595643231058705,-0.7970848953388929,-0.9707514,0.88947576,-0.3159564435482025,-0.5970848798751831
-0.3533675850320315,-0.309691742771254,0.5500447140157458,177.94864169788787,-151.9859209831966,0.027282977232295114,-0.8460683876966024,-0.7826581,0.86743706,-0.17271701991558075,-0.6460683941841125
-0.46223688932763607,-0.3276556998856386,0.6970647407968279,183.58622512074214,-132.47098708563743,0.968965079109968,0.7188942889973966,-0.75733864,0.87054676,0.7689650654792786,0.9
0.953114436455001,0.8970766251016511,0.29600163393773027,101.22631590918434,-190.80508951963054,0.9879831750025239,0.8533715013482617,0.8765466,-0.9455293,0.8924362212733802,0.6533715128898621
-0.7671055427304998,0.4359976954955309,0.11248193769451531,50.60408696354281,-69.66963566200005,0.6835149803662213,-0.7052313042313179,-0.9738909,0.84266204,0.4835149645805359,-0.5052313208580017
-0.4376777518300965,0.9415931562578574,0.09768558956033113,-102.96100399480412,-67.87365122022689,0.04768160018069145,-0.4551356231920214,-0.7762636,0.8342359,-0.15231840312480927,-0.25513559579849243
-0.10281306763853615,0.12285624618575008,0.26295651010289034,-31.098626822970402,-112.45816424738058,-0.7195277897594619,-0.14889133967541213,0.55741465,0.6801093,-0.519527792930603,0.05110865831375122
-0.3989984501979458,1.2441450630291135,0.06997675629441158,136.41573846143427,162.83739437761471,-0.9096043861315737,0.2719070501097993,0.048346825,0.89302236,-0.7096043825149536,0.4719070792198181
0.30639785134182684,0.9637017205609215,0.42283190272947246,-197.96114502862685,-57.76983925427598,0.9965277707479938,-0.041952533286806704,0.92547584,-0.95518714,0.9254758358001709,-0.2419525384902954
-0.626164358262483,0.17603400802866664,0.8630514730464642,-50.15741764998461,-171.95271260848259,-0.8522826538175625,-0.3048152864698872,-0.3123534,0.87511384,-0.6522826552391052,-0.1048152893781662
-0.4758212415587879,-1.2269178031071462,0.6332219449671904,163.0431137559902,-150.91481133591424,0.6949330495062076,0.04011942161059201,-0.72108835,0.75796556,0.4949330687522888,0.24011942744255066
-0.5044341373706411,0.17476662322004066,0.21124831617886985,-188.66580628902884,108.99846807483885,0.5988783562903652,0.9889430593489217,-0.97914135,0.87450254,0.39887839555740356,0.8876479078908275
0.5105398404955599,0.37432143424001674,0.48121794667463014,-118.52998842373714,-8.009298149772718,-0.38414994570990246,-0.9602616187635373,0.91250277,-0.9339818,-0.18414993584156036,-0.9339817762374878
-0.7932997692685007,-0.262618299650198,0.9892955140978956,-81.70912498452071,-89.89749728057284,0.24117891754673737,0.9221781655885308,-0.8806362,0.8894007,0.04117891192436218,0.9
0.3248261917513591,-0.524881026038154,0.6488993558793149,62.883805401640984,-96.80969868367497,0.47797544749674437,0.026338217236523853,0.68207514,0.6536421,0.6779754757881165,0.2263382226228714
-0.34282965158297896,0.2888502076306285,0.8659267873655219,183.79883558725095,-121.44635878877597,-0.3088029987507743,0.7439566151257926,0.50627226,0.8107537,-0.10880298912525177,0.9439566135406494
0.4183066817980421,-0.661988187245435,0.8794911413294451,183.70349368628422,-20.756648587349616,-0.9532717655855845,-0.5852618790303834,0.704083,0.6466484,-0.753271758556366,-0.3852618932723999
-0.022672601252602176,-1.1971027486407972,0.9006938141955393,45.86065143798885,-90.26095612638181,0.573131435890804,-0.41333736544256383,0.36059213,0.75619876,0.7080097155256875,-0.21333737671375275
0.1972080999217205,-0.16018454495021217,0.7062089927210713,4.748899858454479,130.24621449054973,0.23750541723675878,0.3339186599810071,0.6764123,0.56973684,0.43750542402267456,0.5339186787605286
0.24359313276306072,-0.15866227482524065,0.860257654574248,150.78580269076997,155.0143282739976,0.7195887041008793,-0.38140486341476865,0.6333139,0.6383607,0.6410277607245249,-0.18140487372875214
-0.6057691352765806,0.6216331178836505,0.030047481606106596,-35.82663274164966,-141.77802598667762,-0.9292267147960407,0.10485938344338042,-0.97594196,0.8946105,-0.9759419560432434,0.3048593997955322
-0.15291102338469997,0.4634694531112218,0.1612214474488246,176.19939991644543,-153.64378397784515,-0.6764012062692062,-0.4833670913868746,0.6298925,0.66121405,-0.4764012098312378,-0.2833670973777771
0.03538316188736523,0.18763248414078615,0.11405151885777398,26.35375180262548,-95.59117800669101,-0.7033926498958694,0.5061429860758242,0.6746985,0.5850365,-0.5033926367759705,0.6572759458360669
0.5861456001647536,-0.8054704272988333,0.5655377214493436,-44.22174630395796,66.19107287281793,0.9009131543715112,0.7574803735029734,0.92602396,-0.905875,0.9260239601135254,0.5574803948402405
0.6880487392809533,0.8410135802569245,0.8172799247759215,81.40873257413034,181.03856542019986,0.6548861982352532,0.7079386781420991,0.9435854,-0.9195536,0.8548861742019653,0.5079386830329895
0.8143008496728525,-0.6430512639055697,0.36908463336169695,195.9289333335189,-156.19283086220776,-0.4202884898753285,-0.27597581877289046,0.9002132,-0.9130893,-0.2202885001897812,-0.47597581148147583
0.28690921548727255,0.3114609345373809,0.7342165382161924,184.3840924974919,64.97658969519364,-0.5033629645062652,-0.06955983257307707,0.7187094,0.693929,-0.30336296558380127,0.13044017553329468
-0.6199657890040586,-0.3136443173323278,0.06256741443354186,-110.97207254955488,-140.9692079593807,-0.3713284448134293,0.4190190902262223,-0.96479404,0.84231263,-0.5713284611701965,0.619019091129303
-0.5550632939579856,0.4705590292855599,0.985200527806622,70.48718695482387,160.41371080354452,-0.4277001051741962,-0.2670627927955398,0.7549692,0.73248506,-0.2277000993490219,-0.06706278026103973
-0.15698033286103108,-0.5727802624021385,0.4095842154498681,172.94579440682213,23.904375008143518,0.8486160964392804,-0.694170502663854,-0.9053152,0.8377634,0.6486161351203918,-0.49417048692703247
-0.7970341182696408,-0.3898141367440283,0.6294326412661396,-13.5267004594576,198.86825728329478,-0.8058926609916517,0.04201335161707975,-0.9856903,0.81616277,-0.9856902956962585,0.2420133501291275
-0.6685371937856663,0.555924778450704,0.04895606246892892,-157.58624629145288,58.66857492611615,0.2344579212032305,-0.05601559476993545,-0.98766065,0.86333936,0.03445792198181152,0.14398440718650818
-0.029417317647811192,0.06090973450437498,0.02157567643086511,132.07430618629638,85.27211464705056,0.27753758042926835,-0.49837231925470493,0.6101216,0.5454453,0.4775375723838806,-0.2983723282814026
-0.2050660404695881,0.21535340500016398,0.631752259051635,103.56492419043985,61.642562645523185,-0.4267393148048342,0.7973550507589342,0.52146995,0.70540816,-0.226739302277565,0.8578362633817852
0.536654358291424,0.759283995102229,0.30558622873949126,-185.14632374116582,62.21742626137552,-0.5455612747599132,-0.19785320985717192,0.93205976,-0.9568567,-0.34556126594543457,-0.39785319566726685
-0.5795735331456295,-0.13715161250290175,0.24236379660258978,-42.08368689745714,-60.588838416049384,0.07137490147295611,0.6943030717825105,-0.9552518,0.85496205,-0.12862509489059448,0.8906233843778745
-0.7491005067639052,-0.6218993558291144,0.0450448515734988,-157.17392153810937,164.3088384115207,-0.5787426858886537,-0.39940554365454184,-0.99246687,0.74962157,-0.7787426710128784,-0.19940553605556488
0.5850138223336967,0.9688047545014902,0.18983820475218027,-191.90601564179235,-7.871948514733646,-0.9199371687889266,-0.20868628499598962,0.9253212,-0.9647115,-0.7199372053146362,-0.4086862802505493
-0.2663688746000321,-1.1750243716887003,0.1675915183343979,-184.22035229541126,57.994958688459064,0.901011782395909,0.057281672438488584,-0.97520256,0.81672025,0.7010117769241333,0.25728166103363037
0.594973333824977,-1.118940914224602,0.8099509896061913,91.20922384620923,-94.10204666773416,-0.6885087012734454,0.5694120483239387,0.71960574,0.36546698,-0.4885087013244629,0.7039767531316417
-0.8324030716206667,-0.42925395718985326,0.06863907618817366,-107.39816216504661,9.891016982832866,0.9645655177838592,0.7998819927507783,-0.98156875,0.7690511,0.7645655274391174,0.8854692537653561
-0.24286963210214174,-0.1757985319255062,0.258112792899323,-86.62309370499277,11.24492132556486,-0.6768395195425887,-0.5260292189771085,-0.96494776,0.8935839,-0.8768395185470581,-0.3260292410850525
-0.37442118249485645,-0.46694269453095494,0.18017535379730432,154.3231316806909,-12.20559171370806,0.8219099815894542,0.8372848147819985,-0.91598666,0.80967814,0.6219099760055542,0.8955898233372679
0.1310141127872888,-1.241973579382302,0.8639999317291356,-13.314104650354665,56.16173005891255,-0.06972922204038734,0.5402109933657877,0.95659107,0.5683525,0.13027077913284302,0.6927613240380125
0.5179079553592705,0.21072464619562403,0.31776205702330895,-184.45864159386488,-36.31795495800881,-0.5428076124594872,-0.15180426512892553,0.9162337,-0.94504374,-0.3428076505661011,-0.351804256439209
-0.5778593281443232,-0.9312836883993558,0.4770338655560241,99.13630280567884,40.722562147573825,-0.38606735464137776,-0.93194753035665,-0.9512162,0.7349885,-0.5860673785209656,-0.7319475412368774
-0.9576960910838501,0.49925475424492793,0.07135788018969003,125.55372359296928,-52.685329806832016,0.8815555004847127,-0.3981733859678436,-0.9765707,0.78978,0.6815555095672607,-0.198173388838768
-0.9625249979442965,-1.0080011970440332,0.9905275299788185,95.76408152783938,-14.052296770122865,-0.5456516141406631,-0.023111949617745875,-0.9077148,0.7373742,-0.7456516027450562,0.17688804864883423
0.19053168703926193,0.2133642088818597,0.9679956943051818,79.08355481507317,-28.738549195982586,-0.6065184850324203,0.6790442503398928,0.6328221,0.6770828,-0.40651851892471313,0.6927587383474384
0.12002172899159169,0.1457507149584507,0.11094201820798433,-126.77996314878608,-160.7750323151896,-0.2785399188299822,-0.9816803660437492,0.7422898,0.47781792,-0.07853992283344269,-0.7816804051399231
0.6172249517266148,1.1061893987454225,0.884399671978349,26.897883889801733,175.6708734167189,-0.6156000697521335,0.20812586924061782,0.9373833,-0.9333082,-0.415600061416626,0.008125871419906616
0.19405515523112538,0.5284812250921171,0.12643650176887677,-111.67288785576459,4.539416806786136,-0.5133836247814465,-0.21527306638099386,0.916683,-0.9464075,-0.31338363885879517,-0.4152730703353882
0.11017460162528692,-0.1328946922958787,0.7859755848960563,166.45187847877423,123.34605500152094,-0.08595382057309986,-0.5885062836555053,0.51208305,0.6674287,0.11404617875814438,-0.38850629329681396
-0.7084156213466606,-1.139726225222246,0.3961569907794288,-60.29835128273527,-54.31654250311641,-0.06539292500515348,-0.24032337588547215,-0.95671356,0.72209466,-0.265392929315567,-0.04032337665557861
0.923856727386186,1.0894295434363679,0.07848885312704612,-49.63066048570988,-165.5738606520868,0.7673153271970661,-0.6726701497869809,0.8996205,-0.9627126,0.8996204733848572,-0.8726701140403748
-0.12346133843449714,0.7723480594988401,0.8283499415136221,-76.30874794995401,191.60873134802392,0.7310751942183922,0.8414018975115669,0.7378163,0.5163063,0.9005390848816907,0.6790290918053662
-0.11482712755145519,-0.2822705183320229,0.4227500971634841,10.905710960670717,-57.329757893634394,-0.883577283481733,-0.8889769071408438,0.59763974,0.69930184,-0.683577299118042,-0.6889769434928894
0.28730273383221694,-0.5282011592713245,0.5555477680962352,92.21371939586072,117.7062979144464,-0.5141760072635639,-0.725418054311209,0.6821807,0.5472,-0.3141760230064392,-0.5254180431365967
-0.590429635052413,-0.8143890865667005,0.6707746673582905,-6.842543101570982,36.011402061164375,-0.027134817047507864,-0.6246757048177594,-0.94289905,0.8042647,-0.2271348237991333,-0.42467570304870605
-0.9961243184770108,0.22955455391529744,0.12172108875453913,-105.05190010280528,54.02605824027978,-0.8854117918180509,0.5195615979677337,-0.9911761,0.7937002,-0.9911761283874512,0.7195615768432617
0.5044515249948169,1.0436695465811292,0.7117446237045959,-118.74253414683173,48.41312493473123,-0.9960990850051148,0.6714242623837434,0.9351098,-0.9514638,-0.7960991263389587,0.47142428159713745
0.4321059024171794,0.6153638160167687,0.8155689509868794,18.710217359549688,21.22751352858353,0.2370860060540907,0.35192944652493807,0.92285824,-0.90783954,0.4370860159397125,0.15192945301532745
-0.5582724147342109,-1.014349870859805,0.07187553729601748,141.47488281992463,-34.8522931206399,0.795976621489414,0.7677167700684377,-0.94245905,0.6756993,0.5959766507148743,0.8890677878176066
0.47505290025883107,0.5025683876215024,0.3905260010229228,113.93687884422894,186.75312511316082,0.6978585815292369,-0.7459133455932387,0.90501374,-0.90509486,0.8978585600852966,-0.9050948619842529
-0.32711611898972626,0.643317404579149,0.8442639201841482,-141.09447470619173,-94.85410517765618,-0.4893177332539964,0.6664817739910589,0.587103,0.67652947,-0.2893177270889282,0.7466103945615569
-0.6896528992610582,0.8594421209205394,0.08532312026721478,46.47311550635007,151.57921609190288,-0.6350235562629707,0.1368716458714907,-0.9888865,0.8423363,-0.8350235223770142,0.3368716537952423
-0.36869860942341925,-1.2487423139940699,0.5924550261008267,-89.79582137062154,-188.21018744364713,-0.7116270071652417,0.35538232534226677,-0.83512884,0.82428,-0.9,0.5553823113441467
-0.5164831208881682,-1.1313632893106218,0.9408302946414278,103.03365447048998,197.97798629898483,-0.9358733525731953,0.9597909066596317,-0.91325337,0.7886033,-0.9132533669471741,0.8955876201857521
-0.23276279213079776,-0.8512858398026174,0.04530130205584926,26.703359402719514,-125.96762545531392,-0.9734781216382498,-0.04351722919013823,-0.91932577,0.8219888,-0.9193257689476013,0.1564827710390091
0.4480421999858806,-0.7983586287812239,0.251152940147925,116.04911162254979,1.5196032161613857,0.2862895584076568,-0.29628956749975943,0.9247565,-0.9209933,0.4862895607948303,-0.49628955125808716
-0.5286190219041065,-0.34661482254549625,0.7189554436187655,16.085821936015634,48.8734046188105,0.4911501536025329,-0.587680237161875,-0.9335107,0.8684624,0.29115015268325806,-0.3876802325248718
0.8042264357167637,0.5888719766061712,0.7052424730311718,57.593389785010686,138.48750939788033,0.7060945917097186,-0.9767416543915677,0.92678034,-0.9145744,0.9060945510864258,-0.914574384689331
-0.8531860103443079,-1.105946879613831,0.09678022250324769,-167.74608774835173,-93.18754303527182,0.9527185480411124,0.6345118928205074,-0.97838193,0.6872257,0.7527185678482056,0.8345118761062622
-0.37998712906555787,-3.674036677892012e-05,0.579584179036184,122.6806161225598,59.53658604819401,0.5154173659482695,-0.3480544133167742,0.226981,0.7655162,0.3154173493385315,-0.14805440604686737
-0.8556216490119031,0.6832742690468294,0.6127861055218689,-35.94183422579067,-66.82942156916195,0.9237136150798393,0.3013031683113234,-0.9599188,0.8788213,0.7237136363983154,0.5013031959533691
0.9000865838733285,-0.9617768337218093,0.6722051278324236,-134.42698947504996,-198.6087799713252,-0.8455076432625634,-0.2490199262970898,0.9151066,-0.9194756,-0.6455076336860657,-0.4490199089050293
0.6343382674182048,-0.47429439804203,0.14212584287183028,-130.5547376133029,88.76393807433249,0.8755554076029943,-0.15595397421420398,0.9097707,-0.9338456,0.9097707271575928,-0.35595399141311646
0.16340378119589594,0.5743479720440776,0.2520931317653218,40.98715509138904,105.0544553522829,-0.39607284232849405,-0.7436575623354327,0.8942979,-0.918898,-0.19607283174991608,-0.9188979864120483
-0.4117861121716735,-0.5297694774293713,0.3749264585766685,2.2258951627673014,-52.52460183793079,-0.9771156285075675,-0.15728555574458092,-0.9299603,0.8201312,-0.929960310459137,0.042714446783065796
-0.40163770462939796,0.9595771059310914,0.03676351405455269,141.92674565180323,21.324135575319048,-0.4837041189020732,0.5774497594504746,-0.7348812,0.83536124,-0.683704137802124,0.7774497270584106
-0.45677755147910637,0.951240889748401,0.023217101535828344,36.359263206911095,-80.1067929944685,-0.9435820674259361,0.44553923958266717,-0.8834907,0.86320215,-0.9,0.6455392241477966
-0.0014311002925091465,0.8334744049570557,0.9197634411625809,-113.2499862164837,129.38277841563803,-0.9142701294579596,0.7523404612819469,0.7826506,0.48626783,-0.7142701148986816,0.6892298334026112
0.21394571216660907,1.0419634484255562,0.19503661778119097,82.85494350549334,165.19970168749524,-0.14766734900659206,-0.13597684022370005,0.9143685,-0.9358707,0.05233265459537506,-0.33597683906555176
-0.9654980150537098,-0.6727794032676693,0.9487897095215927,-154.6995037252146,-154.3466510181637,-0.5843822235851897,0.6031752218908726,-0.8769668,0.81290317,-0.7843822240829468,0.8031752109527588
-0.9753202038398132,1.1197959958118702,0.056506105597009526,-178.38519424327504,-141.97486367481153,0.44939457119577697,-0.5425411737540022,-0.9929557,0.8725184,0.24939458072185516,-0.3425411581993103
-0.19616820566892312,-1.1307964730943305,0.6988176463283686,38.642994339260696,-171.95291504444694,-0.4581411281051051,0.001264296596223513,-0.5574769,0.82565296,-0.6581411361694336,0.20126430690288544
0.9344701551340118,0.3638803802178072,0.45966599875496106,61.76867733299554,1.4606831434307423,-0.25086068972778386,0.6920739387061245,0.91238964,-0.9304532,-0.0508606880903244,0.4920739531517029
-0.7187097685031882,-0.9504039548374638,0.7779322769659553,77.7609881167715,-27.097109563569802,0.4577590073088873,-0.21536945583064449,-0.8933903,0.7699979,0.2577589750289917,-0.015369459986686707
0.9505352489530075,-0.00927305400571976,0.8182139214035561,158.36220876556683,10.196821214216186,0.2040182118867413,-0.8672898607088295,0.90134406,-0.8897372,0.40401822328567505,-0.8995647009892125
0.9369584643611457,-0.010646632436912551,0.715168974611838,147.02157358240834,-175.07001204664311,-0.378492223192159,0.684706338544878,0.8913452,-0.90354985,-0.1784922331571579,0.4847063422203064
0.2746131342537985,-0.6626666685783211,0.7061120793960733,-74.98225418503739,85.07821635125828,-0.2963170486967992,-0.9103083555231921,0.6752114,0.51415956,-0.09631703794002533,-0.7103083729743958
0.017889614672253806,1.0285340458038164,0.9476556609738956,-166.84218901245623,3.0147430963770034,0.9704302811328989,-0.49229034002592953,0.7423873,0.59926337,0.8081864633104976,-0.2922903299331665
0.6864640121063406,0.7656487402036039,0.37371355471033474,-143.69662594763622,-90.91667947564459,0.9168838297424267,-0.08353647198092262,0.91808033,-0.9556243,0.9180803298950195,-0.28353646397590637
0.0030181916226061922,-0.6591630981134069,0.97355958345077,1.8447371594821789,-66.34737723295726,0.7357830437122994,0.9228149208071434,0.6071068,0.7214458,0.6606031683136906,0.7749421623398747
-0.7376739289508709,0.10570711702950875,0.1122375596043157,156.85419696586945,152.68528291030827,-0.6983721043632378,-0.8697343872052152,-0.98100364,0.79453224,-0.8983721137046814,-0.6697344183921814
-0.08945453793416158,0.6326896853393378,0.4860944180124682,170.08035337514428,129.69985573225256,0.8850171395083792,0.4866896321189258,0.62199724,0.6281463,0.6850171685218811,0.6474216503815552
-0.017301149713653263,-1.2176082887754127,0.893203665582037,16.680059490904085,181.60239008451362,0.01360561738594912,0.6328712854968541,-0.27614403,0.77609724,0.0,0.7760972380638123
-0.009494524888562728,1.1117318205264652,0.09181952366337176,-158.31225652900739,-194.00480596763933,-0.20051116656197698,-0.006444506317984988,0.9440352,-0.9706281,-0.00051116943359375,-0.20644450187683105
0.47936055098488906,-0.7145764801682786,0.8164945100318896,198.26141002167697,-16.3576682725585,-0.5864029713839356,-0.4385043235943009,0.7496395,0.66857225,-0.38640296459198,-0.2385043352842331
0.15155322402424498,0.3836417329108386,0.3271245373171531,74.53219115676092,168.1411870770284,0.5570651596022362,-0.850084544256243,0.88094157,-0.9242473,0.7570651769638062,-0.9242473244667053
0.6924909050032872,0.4692477444115921,0.6709869943292925,175.77182943210403,156.18406648203535,0.29341944006009424,-0.9650511947751554,0.9106846,-0.89009136,0.49341946840286255,-0.8980551397456551
-0.23576724050697484,-0.8437923648702486,0.6152310901914988,-161.07523008001186,-60.87128170970897,-0.8610248952720028,0.1398571702065705,-0.8811314,0.86248523,-0.9,0.33985716104507446
0.39887870570760287,-0.06878645311311304,0.23623980409943424,-1.1887717151741697,-43.913224222954085,0.6549016764256601,0.5953738314714829,0.9168763,-0.9279539,0.8549016714096069,0.3953738212585449
-0.19388743621728177,-0.6689162667490054,0.48752218984271456,-119.44628511405271,-69.78037196218949,0.18751561973732178,0.4487172869302649,-0.87619853,0.8619451,-0.012484386563301086,0.6487172842025757
-0.9590196532842798,-0.017306459538409813,0.6785290984667633,-197.38386364343117,127.15495248216433,-0.21060159459152583,0.41707305781960025,-0.98619205,0.8697019,-0.4106016159057617,0.6170730590820312
-0.9863820294869814,0.3835870792163554,0.12089732942934783,91.60745599276004,83.45148365875781,-0.40381349721133986,-0.077674763127219,-0.9836189,0.77105325,-0.6038135290145874,0.12232524156570435
0.12848646508050487,-1.006174887241976,0.16952092279620512,-181.74987781649816,-45.319520941530726,-0.3550735210304079,-0.1084129661740929,-0.634182,0.7935361,-0.5550734996795654,0.09158703684806824
0.08956048280591644,-0.7647007990278115,0.1967488527308574,-106.88676076806489,-47.41589545298018,-0.7689556991633786,-0.6320464086226583,0.53470254,0.64694726,-0.5689557194709778,-0.43204641342163086
-0.3910240205426452,1.1763035479064947,0.19426972437966394,-198.52006813615625,44.82585774277362,0.24659835847163003,-0.5195648053573569,0.7168628,0.7128745,0.4465983510017395,-0.3195648193359375
-0.03867098708907113,0.7879997502348859,0.05535982869861711,191.5714899416377,-1.9972993070385598,-0.5437604103439808,0.10005619249577236,0.8707121,-0.88587964,-0.3437604308128357,-0.09994380921125412
0.7374275866123863,-0.7206660479547742,0.10283789134732013,6.302694063454027,-59.63596949157059,0.6572488039363287,0.6349729029061195,0.92874765,-0.93686485,0.8572487831115723,0.43497294187545776
0.48782955753292656,-0.5345571245288194,0.40195164592350263,-115.61546002413006,-135.9583810401018,-0.25757699156015845,-0.40348496608064655,0.90311265,-0.9458696,-0.05757699906826019,-0.6034849882125854
0.7248261982502704,1.0553145013900638,0.13875914793652666,-149.46227268629983,-144.25785127987348,0.13121259748013903,0.2851839241820626,0.91586095,-0.96734333,0.33121258020401,0.08518393337726593
0.06787242825241324,0.8044832602627987,0.9953320136094334,-113.96973929243717,2.135235420110291,-0.7109964754095648,-0.6469981682808019,0.76196855,0.5129084,-0.5109964609146118,-0.4469981789588928
0.04958103259593205,-0.5138981598790582,0.6945246948884323,-65.30541383441161,104.5883752931216,0.31935091070909327,0.7343328490069523,0.6512772,0.5738761,0.5193508863449097,0.6554498628944473
0.4988877182678806,-1.148054899793445,0.24922201703785063,-139.85802631777614,-164.79491009494325,0.6521806769555494,0.4251786826632782,0.91897666,-0.90004015,0.8521806597709656,0.22517867386341095
0.7538828705448979,0.2803727763898154,0.6158662750796057,-9.592675591075789,64.19032907889084,0.8370010225932991,-0.23883799340971357,0.9246637,-0.920812,0.9246637225151062,-0.43883800506591797
0.05804192555026089,-1.15062174287858,0.4530547970444837,-85.95543818517987,-176.0235516048751,0.2989293830895776,-0.7036259024302938,-0.40800247,0.77390707,0.09892939031124115,-0.5036259293556213
-0.380443591079892,0.7008543945609569,0.01762335442822649,-53.63713753126632,114.53432699289351,0.24635073595581858,-0.8438759743875455,-0.90514517,0.8213863,0.04635073244571686,-0.6438759565353394
0.664121535837964,-0.9218606670730356,0.9270861128394176,169.38788723440985,143.86954340513483,0.5230471405029931,0.5595345763683022,0.8974112,-0.109299846,0.723047137260437,0.3595345616340637
0.7962135579261933,-0.8509229095679762,0.15427470155449918,-30.246232812934352,169.16257348808125,-0.6344866307043193,-0.6825465274722025,0.93413275,-0.93216234,-0.43448662757873535,-0.8825465440750122
-0.43869542459672184,0.5889694049085403,0.11631528473531072,151.56972261594854,31.32014508762464,0.37676121798076956,0.09588236125010874,-0.970842,0.87630683,0.1767612248659134,0.29588237404823303
-0.5888938219898514,-0.9003274941485881,0.7211580979715978,132.5731454035183,199.84302854791724,0.07720883953988578,-0.13247412830088434,-0.9655851,0.7753693,-0.12279116362333298,0.06752587854862213
-0.5685892126018404,0.9493706386648224,0.09979721471751213,95.52881239799251,188.52644942300657,0.826926190221996,0.6213028810899188,-0.982371,0.86894864,0.6269261837005615,0.8213028907775879
0.6839813229898144,1.10891312596523,0.24263842732273377,-25.53274278864825,98.14008247439972,0.73763100185317,-0.2463726216842359,0.91319466,-0.9558234,0.9131946563720703,-0.4463726282119751
-0.3496254121439355,-1.1666398646916578,0.16523622079584444,44.37181717307598,134.6260461973273,-0.8224395153220352,-0.8096317583885593,-0.9769313,0.71690726,-0.9769312739372253,-0.6096317768096924
0.3978408259493973,0.928449615708943,0.9726369919159402,-151.8765944581926,-133.2199860241663,0.6139164286615679,0.8398210544039157,0.92299116,-0.91477865,0.8139164447784424,0.6398210525512695
-0.2630508129316238,1.2298504403123425,0.49911747765952563,-163.29795926622722,-15.51485642506961,0.9657670909745599,-0.026328274118692763,0.7168207,0.6678403,0.7657670974731445,0.17367172241210938
0.8210465305339094,0.739952191704262,0.8954021843751648,-127.82506841749073,-150.73970986384487,-0.7814304453198411,-0.8124511443283304,0.9056612,-0.937771,-0.5814304351806641,-0.9377710223197937
0.7523623750124295,-0.6662650859971436,0.16351518410352728,-97.67214317374209,-75.9546305434447,-0.9731093171136904,0.4105726826070599,0.92157906,-0.94191074,-0.7731093168258667,0.21057267487049103
-0.2475123561431818,0.45740916132352516,0.06953093940667088,-12.043298100115692,12.524699198633641,-0.7824055884561805,0.5334508729198604,0.55328834,0.6009528,-0.5824056267738342,0.6979753901276794
-0.2578200571463567,-0.8379678652054414,0.35574897392615923,-71.71941773991426,-120.11770593891372,0.628729837438609,-0.6686484627177209,-0.8897604,0.8376499,0.4287298321723938,-0.4686484932899475
-0.3236558986375413,-0.5922487510342724,0.03225746920879258,141.4851048446053,-110.66907995895363,0.44664002258152435,-0.23569796106769147,-0.9125118,0.80963945,0.24664001166820526,-0.035697951912879944
-0.10788869322013883,0.7848825554858263,0.843569151032862,-152.489020357268,-29.770525230284704,-0.8461454263077939,-0.9395637885904531,0.683551,0.55262756,-0.6461454629898071,-0.7395638227462769
-0.734301270862413,0.5098001707983832,0.46275034343915633,-129.26726134480293,-136.1588104445049,-0.4242464707343758,0.3689055826730543,-0.9642048,0.8847674,-0.6242464780807495,0.5689055919647217
0.20888972418055407,0.4531908144583865,0.6743236492848802,58.07414326695471,177.1879849228677,-0.03559476710077014,-0.3273415521683267,0.82578075,0.044928733,0.1644052267074585,-0.12734155356884003
0.4953609587637269,0.6212838872451307,0.6028250018162297,-189.67286014644662,-133.0099304173951,0.5243143447987888,0.40368458806517316,0.9230947,-0.9470596,0.7243143320083618,0.20368458330631256
0.8423095106679255,1.0121572807184838,0.9368907035373112,134.46367525570895,-37.73850356558063,-0.3241540331653445,0.7566659230597848,0.9193306,-0.92064095,-0.12415401637554169,0.5566659569740295
-0.3350152572906213,-1.0358709128712218,0.7285048946692158,-18.478423884850315,-54.78855412359431,-0.9388832360763473,0.8780276739072013,-0.8208102,0.835562,-0.9,0.9
-0.5914142266736095,-0.4273976283022476,0.31606046757231154,-145.14798806722533,-48.25209509212013,-0.24971423514174185,-0.11603831989048086,-0.96269804,0.8358329,-0.4497142434120178,0.08396168053150177
0.12047732539001621,-0.4644391054919772,0.8940487415221986,39.55421127372327,138.59215175983718,0.026152165893060575,0.3540724096331822,0.61196023,0.5932457,0.22615216672420502,0.5540724396705627
-0.3170330009519531,-0.31624432818794257,0.6252756099174249,-34.9384963247974,-4.702100071502571,0.45549775138005333,0.0646881170775202,-0.8924762,0.8788957,0.2554977536201477,0.2646881341934204
-0.12365345090015878,0.055364017354324835,0.769172603733559,24.661547431062758,-140.24274772539718,-0.764034002189732,-0.7187442162757827,0.43610618,0.7700047,-0.5640339851379395,-0.5187442302703857
0.842037315199198,-0.07261912275889637,0.8159998532144368,-62.146481758188145,-117.84751354375742,0.7968892025179792,-0.6691304681260855,0.9003889,-0.9102763,0.9003888964653015,-0.8691304326057434
0.6604535986385551,-0.22304281922588132,0.7909870052706823,-19.025707072058083,55.34340100905513,0.4124592766819084,-0.26033506448025157,0.91896915,-0.91123235,0.6124593019485474,-0.4603350758552551
0.7555070441129319,-1.1754484912487628,0.5877802989613526,-33.25803700763328,-56.84996887520478,0.1135322192569701,0.36023839296514937,0.89594424,-0.82037777,0.3135322332382202,0.16023840010166168
-0.3566499511548977,1.0245876964129437,0.1513199245281467,-105.24393640473053,-127.08123787296812,0.16578224833517718,0.0832981726630948,0.7872895,0.6606471,0.3657822608947754,0.28329816460609436
-0.3197293545918132,0.4057552236048114,0.23434369749456907,-164.08193474447,-136.51481733144624,0.19137533595986467,-0.8133395011258728,-0.18734853,0.8058234,0.0,-0.6133394837379456
-0.860334925114463,0.1253054511089402,0.14645857608524238,-54.87794215976828,-160.96095542295856,0.18538389396893762,-0.9947952187854119,-0.9730663,0.8233451,-0.01461610198020935,-0.7947952151298523
-0.3800572245696683,-0.18078272307567333,0.5068882490596108,-119.71597823177218,-37.730019978353226,-0.044902188747355964,-0.20322937194591528,-0.93430686,0.8896192,-0.24490219354629517,-0.00322936475276947
0.19917845463831862,-0.9752272586654065,0.15415957746928755,67.11838597407751,98.2862822766221,0.9521682724863512,-0.5986280254522904,0.755909,0.5639007,0.8650295932837457,-0.3986280560493469
0.4574059790941516,0.7973048669278362,0.4037217269534872,152.61877355571556,185.40362245326793,-0.857107170181113,0.0019323231416841224,0.9052154,-0.91722924,-0.6571071743965149,-0.19806768000125885
-0.4966821310600271,-0.7370809957596633,0.9945317641367148,14.579438809199104,-173.0029876832194,0.4841274493766039,-0.6054836508844927,-0.6499805,0.8655395,0.28412747383117676,-0.4054836630821228
0.4979472286280884,-1.2284728226251689,0.4490957775619163,-111.88249197610136,-155.34352792929343,-0.45488139818340834,-0.3441839173159571,0.8480415,-0.65998065,-0.2548813819885254,-0.5441839098930359
-0.5744891373544279,0.08835827552963238,0.47754102367276063,114.8337759839763,-56.08356022479762,0.4968879972891518,-0.437542725858342,-0.92375064,0.8688694,0.29688799381256104,-0.23754273355007172
0.7254682570119497,0.4899865431015944,0.2400636993748242,26.711324938036483,71.08092254784583,-0.6571152022543094,0.47771944105391606,0.9154326,-0.93862236,-0.4571152329444885,0.2777194380760193
-0.46827477813683616,-0.5343188027260313,0.8431903088550186,-25.04585885430987,4.94583312318818,-0.9102083023271694,0.8655572551144968,-0.89548934,0.87841594,-0.9,0.9
-0.16317687886590315,-1.1302847399405238,0.7022940158852119,-164.50964279863265,136.49109959004204,-0.659866531954983,-0.4951197139898633,-0.9369964,0.8366652,-0.8598664999008179,-0.2951197028160095
0.0591433412334641,-1.1725632598387679,0.26928607837499874,69.73112448893028,138.44266236976057,0.673070118259794,0.5699292241711285,-0.8903841,0.7964773,0.4730701446533203,0.7699292302131653
-0.06243427176545824,0.5669492743196636,0.3138513513994766,59.12809329027357,-141.27467332806552,0.12297286045703637,0.7206051231954418,0.6734043,0.6368518,0.3229728639125824,0.647056420208838
0.7093926307029481,-0.4933258033079322,0.28329681716324717,85.74562203987142,-156.1133971346189,-0.1711998932112635,0.0004340261176718485,0.9078675,-0.9248318,0.0288001149892807,-0.19956597685813904
-0.24122215239157674,-0.1334854936567007,0.8103198167716169,178.18155041118075,-74.52760595273107,0.12471112112000626,-0.5638270622197981,0.4157079,0.8022466,0.3247111141681671,-0.36382704973220825
-0.6991350102755343,0.3170507322314893,0.7594350161988997,109.84653628037637,-69.9387554127349,-0.10508906909644655,0.6977525470328223,-0.9255155,0.89455175,-0.3050890564918518,0.8958051356001685
0.07495095475383273,-0.5627059599005424,0.6571371972736737,102.36635052892973,-27.652421916381485,-0.09137590304342424,0.5946099885726717,0.6185234,0.6577118,0.10862410068511963,0.6869341636638195
0.2965258118520404,-0.5022591818333494,0.12267917807278339,-177.90850217777913,175.22905608277648,-0.47698915262271324,-0.4698533850774316,0.724077,0.1958161,-0.2769891619682312,-0.2698533535003662
-0.13002353589739624,0.8490660503570511,0.5258307380572622,-23.847876178387253,-148.95262808967956,-0.6271199933540423,-0.5479282640438343,0.60476565,0.7259939,-0.42712002992630005,-0.3479282855987549
-0.698510293038479,-1.025854560920004,0.8535778340821563,-172.99384178251088,-72.44185005723227,-0.2439031927103863,-0.08204499273219867,-0.91312116,0.8231506,-0.44390320777893066,0.11795500665903091
0.2974055413632517,-0.6899851422442521,0.4452013046119706,-38.608635760773694,-3.288957991753364,-0.8119075303046304,-0.0621051511055668,0.7290853,0.53287894,-0.6119075417518616,0.13789485394954681
-0.327502973996324,-0.07770505510602232,0.5659100009215884,-95.03947941939619,137.52660361394248,-0.5130380098595904,-0.73504665689842,0.34650752,0.70094854,-0.31303805112838745,-0.5350466966629028
-0.9920018813255935,1.2339421724540944,0.6298722706906617,188.9844832854368,83.13667762305704,-0.2824012778521323,-0.2000616116113214,-0.98269594,0.85237986,-0.4824012517929077,-6.160140037536621e-05
0.9823382443310087,-0.7755081587120807,0.8157683315669182,98.71454920843621,90.79417050503002,-0.31078599017056874,0.9207087779884457,0.94142056,-0.8994636,-0.11078597605228424,0.7207087874412537
0.042388326390058406,-0.998229515605103,0.9413218957086084,145.0229927967835,157.62324098263736,-0.9255295805552413,0.3470554886466355,0.8970427,0.61612463,-0.7255296111106873,0.5470554828643799
-0.07568820586830549,-0.413121575839561,0.7797682934247031,-108.0096758876234,-118.13533432606178,-0.010639145381251547,0.9825352931006777,0.56983644,0.7103829,0.1893608570098877,0.8062664265760533
0.1427345966962028,0.9347744053847795,0.8013506873747693,162.5144883107033,106.44293639113243,0.12507395246685227,0.33073507360372445,0.907833,-0.8642947,0.3250739574432373,0.13073508441448212
0.4680394569339734,0.28247644715308273,0.5437532093250335,-19.969672350386304,10.040602457757814,0.03930750776131897,0.157696649150469,0.9137819,-0.914479,0.23930750787258148,-0.04230335354804993
-0.06598719285197907,0.9765190048673227,0.4345770280217389,-6.238386049433245,-15.40362891447137,0.8180020604790543,0.5909247094257617,0.8576816,-0.8592713,0.9,0.39092469215393066
-0.554408719641623,-0.4232269604831179,0.6862250224970564,33.872558206432984,-199.30692195094082,-0.8545278909216869,-0.8760690231844532,-0.7731015,0.8511433,-0.9,-0.6760690212249756
-0.9639947651482947,0.307229691488768,0.8269858609452017,-144.5377548113031,150.82657861798629,-0.44646766224801415,0.8075376039095765,-0.9804946,0.8801999,-0.6464676856994629,0.8875644397280819
-0.8283673227610595,1.1486948125157586,0.2337245960640869,-137.07748449293638,12.705131011241775,0.3345044812288478,0.4446072906280423,-0.9874904,0.87674165,0.13450448215007782,0.6446073055267334
0.02660861756154187,1.1163743951268552,0.6795800011387039,-9.605992470982244,70.81289041153855,0.16096669221922344,0.8434331765543508,0.88363093,-0.79863083,0.36096668243408203,0.6434332132339478
-0.5212150902095847,-0.05506342020906185,0.9405540346537986,136.53757332893866,-191.4651154324726,0.0709149508444058,0.43532156665017463,0.7340514,0.8336313,0.2709149718284607,0.6353215575218201
0.08512987424729146,1.2323386662391749,0.8881589959271231,76.92986687590985,14.836589529234288,-0.01886710386997925,0.7314325525496601,0.8767559,-0.7547056,0.18113289773464203,0.531432569026947
-0.9023126068084661,-1.067533996140031,0.6579826774003119,141.09671216397192,141.03770703868793,-0.38525600873428956,0.3074893581805136,-0.9698091,0.67827696,-0.585256040096283,0.5074893832206726
0.8002518916885699,-0.7274557267021026,0.2396449642313797,-51.33689554477664,60.97629598491159,-0.9213331910529265,0.24507207863951086,0.9300808,-0.9344626,-0.7213332056999207,0.045072078704833984
0.6136794943525479,0.03667252767763585,0.6654665282977854,182.54732235321273,154.02548204523055,0.2219839539329609,0.7343109578532432,0.92360646,-0.8656654,0.4219839572906494,0.5343109965324402
-0.5992369200377481,0.6502015071059608,0.6939100426398657,-153.503578550465,-129.44053780048864,0.403139153018766,0.7571716950344853,-0.93466544,0.9114736,0.20313914120197296,0.9114735722541809
0.7110104243822195,-0.3269595840193604,0.9762399348783182,-71.2499702019851,-150.3573551049833,0.4326916969103105,0.9324006313373925,0.8929753,-0.77319336,0.6326916813850403,0.73240065574646
-0.9237900614221064,-0.49099624804269104,0.09373820072870231,-53.5773775667827,-149.4845603477255,0.5398043840891662,0.6159966131905197,-0.96289855,0.7299035,0.33980441093444824,0.8159965872764587
-0.19921334303684146,-0.7169910411547264,0.8529790201154136,100.90170754321582,-26.481603833653935,-0.20899202503655712,-0.7601891024368712,-0.2910843,0.8087201,-0.008992016315460205,-0.5601891279220581
-0.04197689335400301,0.9459720825810485,0.11387152870939465,-145.44720761574564,-159.12615871289188,0.8771391029363973,-0.0262834157411711,0.925639,-0.95165,0.9256389737129211,-0.22628341615200043
-0.5914895600428163,0.29737193422440145,0.9789629532636627,-75.04232010016732,-151.97101365572848,0.2778579729618089,0.5506677827605746,0.5620523,0.82239544,0.47785794734954834,0.7506677508354187
-0.6084370165602142,-0.3271239477254959,0.06267336772617338,143.2572372204947,177.89591423952675,-0.6948872398854362,-0.8504843664013504,-0.98368275,0.75897,-0.8948872089385986,-0.6504843831062317
0.14050149617167618,-0.985340289671342,0.6684589523805536,-182.96845940762788,-187.9730723577313,-0.7235793716385497,0.31772939383976384,0.8377156,0.60624933,-0.5235793590545654,0.5177294015884399
-0.08390282949222971,0.9412484361059961,0.5194523947562378,100.4892853356373,163.89559511305453,-0.6688246719141386,0.8270633989826353,0.7570042,-0.48048162,-0.46882468461990356,0.6270633935928345
0.8551961928497709,-0.5856527772101416,0.2194863410992841,-1.583330084799968,-29.81261525734186,0.008335753096875731,0.38632520910678436,0.92502713,-0.9354178,0.2083357572555542,0.18632520735263824
-0.4454272753498161,0.25065331960541126,0.2181774050088643,80.91525509023938,53.53541959535852,-0.8352087170419826,-0.06887769751770345,-0.96829283,0.87499213,-0.9682928323745728,0.13112230598926544
0.8981234774349887,-0.915531170923207,0.225023989949508,-47.56013997693009,-125.00260996147033,0.772029430070527,0.822947109439023,0.9380963,-0.9415387,0.938096284866333,0.622947096824646
0.050559450650704774,0.7050550910908073,0.9520093692020914,69.46474440252234,107.315442446004,-0.9324300048430201,-0.5961380234012945,0.7136045,0.59112376,-0.7324300408363342,-0.3961380124092102
-0.891990661414882,-0.6979442402775868,0.9077967175393075,29.30181464736421,97.09291508526434,0.1449041200346104,0.659291910939134,-0.96054953,0.7956737,-0.05509588122367859,0.8592919111251831
0.9385167667070882,-0.7864364657008092,0.7821220281094355,134.21119695931776,161.6351563837814,-0.8127254536072714,0.9192042912765848,0.94321394,-0.8916407,-0.6127254366874695,0.719204306602478
-0.660839827001672,-0.9045193101461726,0.8641293091228814,3.9536456190769513,-25.205107111753023,0.53226756064089,-0.7408437548464446,-0.8946095,0.81952673,0.3322675824165344,-0.5408437848091125
-0.4009541132401333,0.8526119702195665,0.0012691805797684363,-74.42503826600895,-174.86733816620327,-0.7785475479395323,-0.15462772438598527,-0.42637545,0.789105,-0.9,0.04537227749824524
0.4012017845449456,-0.9267538766313885,0.39970718796814353,39.55435687099077,53.68183508214602,0.9523680328995305,0.12787317526376718,0.76359874,0.33449367,1.0,0.327873170375824
0.7530371052147626,0.27759725742531915,0.9014047773343851,-82.21175655218912,58.71935892866412,0.9482328213108,0.8159040530910799,0.9394422,-0.91863906,0.9394422173500061,0.6159040927886963
0.295070635222737,0.5573592000750685,0.9249977312939948,141.5794417903735,-72.9453539378186,-0.9675471320481313,0.8060019758013892,0.79951626,0.3818387,-0.7675471305847168,0.7079136677641302
0.17240993405811578,1.2093337080925357,0.2674048897060446,159.3187802024769,-25.94443099707715,-0.7706850476049798,0.8821029233761399,0.91831154,-0.93446374,-0.570685088634491,0.6821029186248779
0.7275799070269986,0.59023930853527,0.5231104182211639,-15.592642038967824,-97.48194124282956,0.9366568263439266,-0.1901786362013025,0.9066722,-0.9362112,0.9066721796989441,-0.3901786208152771
0.7447431502976616,0.45575967736887857,0.8467132955021244,-112.48347265993664,-30.892821168579502,0.042204035320783095,0.11000547044317366,0.9243176,-0.92954,0.24220404028892517,-0.08999453485012054
-0.2788316066144949,1.1197280487565857,0.6064086083531981,13.875700107225697,-89.75053706900499,-0.02429704160762003,0.17106655076851407,0.52176964,0.83815855,0.17570295929908752,0.3710665702819824
-0.7968857249542163,-0.7941010621061467,0.2906181906946975,-196.89030617096793,34.086339258562106,-0.19782368452464216,0.5440980329775056,-0.9842239,0.77282906,-0.397823691368103,0.7440980076789856
0.5628077605438182,0.0637914585931465,0.3543337823205974,156.1025975473869,-55.831316043883106,0.9483841972387457,0.47019081288270237,0.9005357,-0.90441036,0.9005357027053833,0.2701908349990845
-0.018981951098126615,-0.29168019890673913,0.09012579468613302,111.42126293741785,-159.46538370406535,0.06400936495086151,0.7990631526364531,0.7420977,0.6518877,0.26400935649871826,0.6558028994083933
0.05324843357307918,-1.1953298259891518,0.3255841396968192,-170.1170417984811,113.41447556859936,0.021196496776677343,-0.8834450912211729,-0.9216592,0.80540574,-0.17880350351333618,-0.6834450960159302
-0.7300956836166606,0.9416622342806455,0.19477998863883683,95.13659506571986,169.2210448891788,0.9919157143257256,0.3968914371199994,-0.9847705,0.8265104,0.7919157147407532,0.596891462802887
-0.3589469290698659,-0.16113961116596132,0.4770112403554586,97.5027031104006,92.24424115975336,0.11315708365396482,-0.8641725676295595,-0.9556657,0.8658906,-0.08684291690587997,-0.6641725897789001
0.519924719022117,-0.8940648941297757,0.03329778267023642,187.52030693723486,-79.124741692182,0.3889047959958025,-0.26715051576224447,0.942074,-0.92230237,0.5889047980308533,-0.4671505093574524
-0.9092207699093711,-0.9391728159324564,0.98208548071344,181.92873320973473,-61.792699238987325,-0.1005614826588328,-0.6594873426868804,-0.84599495,0.7408802,-0.30056148767471313,-0.4594873785972595
0.8435825443979206,-0.6852074626693705,0.36814343651438963,-94.7878346830592,-106.17103896223065,-0.04356513765409131,-0.3184670578371005,0.9192373,-0.93566114,0.15643486380577087,-0.5184670686721802
0.16789547121615644,0.5281155216142908,0.45685470316181964,-17.163536283998212,-159.350652737198,0.6416895857013252,-0.6026771042464627,0.90061605,-0.9534936,0.8416895866394043,-0.8026770949363708
0.9429612009813038,-1.2134666523896485,0.1860586959379139,-112.69580943106021,19.664802780640798,-0.3369669054611011,0.8085859045430301,0.96564454,-0.94954944,-0.13696689903736115,0.6085858941078186
0.19247352348844737,0.5111989446880696,0.9098753182523702,90.87335039417036,186.9541285732265,-0.723669873234027,-0.04395754056492418,0.7815686,0.5402901,-0.5236698985099792,0.1560424566268921
0.018686710454346223,0.1655588834119215,0.055355139755139615,-72.05536794586065,146.75739946520804,-0.3574001597556016,0.3954338224114724,0.61281484,0.4542295,-0.15740014612674713,0.5954338312149048
-0.8935128195135751,0.8836677266805957,0.9199827271263921,-57.85448869673084,-96.64442979277017,-0.4806698473620552,0.7192431737223124,-0.9361444,0.90054065,-0.6806698441505432,0.9005406498908997
0.8727356804555606,0.3340333483999065,0.14513298634284988,109.14119651801803,94.5953318234686,0.8495571957078398,-0.1670100953081437,0.9044469,-0.9307648,0.9044468998908997,-0.36701011657714844
-0.589791802342104,0.5621827482994755,0.6649104587373131,-179.12532971853,-149.97446514428793,0.6669665614963438,0.4349947183970233,-0.9454392,0.9175772,0.46696656942367554,0.6349947452545166
0.7851227481334706,-0.5631994204960813,0.3375721841106929,-71.17951068066995,-73.90527915062623,-0.6868580019120589,-0.808554027759405,0.91286355,-0.932858,-0.4868580102920532,-0.9328579902648926
-0.9232848701047156,-0.11595937480763974,0.034856932575848876,-148.6276003289837,-47.71730789936149,-0.21863522690679993,0.9426500626443819,-0.9842733,0.7955214,-0.4186352491378784,0.88557676345812
0.2995517617978536,0.059867090557438996,0.7172278813415276,166.75924077607027,-25.966570047088055,0.473635169268509,0.534609766146027,0.680092,0.729001,0.6736351847648621,0.729000985622406
0.18147754877301736,-0.5832353829748371,0.7843789877073645,141.73796913360383,-22.682353762554357,0.6076942636191909,-0.30282701709523296,0.6129009,0.6586831,0.6490357364656119,-0.1028270274400711
-0.2932291082723735,0.7627063829675373,0.8245546148790799,183.62121547438238,-141.07201001825445,-0.6610301707114212,0.3665184021401393,0.47463563,0.79107404,-0.46103018522262573,0.5665184259414673
-0.7722724071178138,0.35662943119552404,0.9093002286510112,42.85369751459234,31.088534365304326,-0.11846817265500253,-0.4676523043987433,-0.9569852,0.90251225,-0.3184681832790375,-0.2676522731781006
0.5089695197301114,0.3207948036848074,0.5541579664661369,12.834564549714912,8.974609306827773,0.21422806267006123,0.6221719027188208,0.9184542,-0.91398746,0.41422808170318604,0.4221718907356262
-0.02385568838964569,-0.6685558788325996,0.5025366718869222,189.36641936457238,-47.730088660395865,-0.30225180866151824,0.7702066450282841,0.55402035,0.7115929,-0.1022518128156662,0.8263592984791218
0.9565804746023514,0.6286556722772294,0.3480364740888967,-172.64581971176133,159.17824781441476,-0.18112367741288327,-0.4652119154724186,0.9412695,-0.9542972,0.0188763290643692,-0.6652119159698486
0.016236674677020613,-0.9406344902108745,0.14333015294116125,-9.522134279191164,123.71835586999373,0.5306584851483387,-0.483802912933315,-0.9378386,0.82414305,0.330658495426178,-0.28380292654037476
0.1400581722970875,-0.4683794067863898,0.3916190690778464,103.89356426534533,-12.588249288129504,0.27994469086592133,0.8819571586010204,0.7185345,0.5896898,0.47994470596313477,0.6819571852684021
0.5925319658651926,-0.5582914303154457,0.4767878364197682,-78.63773163924547,72.59759912532672,0.48227956339344136,-0.721975430191105,0.91602385,-0.91279966,0.6822795867919922,-0.9127996563911438
0.3062945272898112,-0.22075848584768876,0.7069185300501929,57.5838919595227,163.09008406988852,0.5020226047353495,-0.5244504920089614,0.7144394,0.5664235,0.7020226120948792,-0.3244504928588867
-0.20023259284987494,-0.19430651564072865,0.5282289238775771,60.28993180526055,-181.21049714112414,-0.18798073021956396,0.961995819382466,0.73211884,0.7614986,0.01201927661895752,0.7619958519935608
-0.4281352126246838,-0.671439505471989,0.6339784848702815,-57.89397808826803,162.4011358046501,0.30792116394816094,0.543068333723538,-0.9639772,0.84536695,0.10792116820812225,0.7430683374404907
-0.8238083116657073,-0.849169380358298,0.772528539078867,89.43708812197775,142.768019289047,-0.9157049473191188,0.8996078172705271,-0.9708554,0.75260293,-0.9708554148674011,0.8865990377719044
-0.4398224042961483,-1.074944913858624,0.17361852390092758,133.0883153446253,-11.160915188265449,0.6697834628314081,0.7690998071405963,-0.9401209,0.7175001,0.4697834849357605,0.8901952642422821
-0.07973824109405192,-0.9192299091780729,0.8769140690810807,-38.88010770511903,109.81155280196009,0.9429292786282344,0.8351687414350608,0.51655394,0.71533954,0.7429292798042297,0.8749112844874084
0.8966212695374121,-0.6094671514008138,0.6725802664673933,151.9767009225568,138.41254410465706,-0.3468856760100556,-0.6162871557887304,0.93135977,-0.89766437,-0.1468856781721115,-0.8162871599197388
0.5531880321029723,0.7682855794354508,0.4745405662244917,-135.64734012401863,33.87507293507426,-0.2899812629032452,-0.29686544876897725,0.93008554,-0.95069724,-0.08998127281665802,-0.496865451335907
-0.2994655701747795,1.0037952095531435,0.27429320397148815,-198.87716089145243,122.83439846079727,0.202819003651729,0.2750412299268563,0.7689683,0.52976495,0.4028190076351166,0.4750412106513977
0.18713880170156494,-0.3595967197907307,0.8621627914573339,23.68769357593493,151.2387247706671,-0.5737660010753725,0.0056219743861880556,0.62590337,0.5804971,-0.3737660050392151,0.20562197268009186
0.5060119145780484,-0.6543292185840386,0.5344910807181429,-22.245997452531924,-46.49515490991894,0.9267672685294941,0.863500353440469,0.9105999,-0.91400546,0.9105998873710632,0.6635003685951233
-0.4903133586214581,0.4083872922025429,0.5149044759217146,158.42725012154614,-29.688612119099616,-0.4202117810011221,-0.17615458707244347,-0.9532881,0.90094495,-0.6202117800712585,0.02384541928768158
-0.041416148618825366,0.16323935782223975,0.8510151877756412,37.71430335134207,-55.53491962906736,-0.3236704438359821,-0.5414612963663983,0.49075776,0.7215145,-0.12367044389247894,-0.34146130084991455
0.7471806424448466,-1.2386584040502995,0.909508778759066,-108.3488337682466,-135.87321413386167,0.4217806635586734,0.6930678534679258,0.8659877,-0.8513463,0.6217806935310364,0.4930678606033325
-0.645021427531429,0.0418607991096378,0.333129593753392,-59.37586143590886,-72.18459386298947,-0.6167848323410796,0.07840069184365217,-0.9593976,0.8648677,-0.8167847990989685,0.2784006893634796
0.32432258540122727,-1.0645822189613248,0.01470491408107022,-67.93242901660511,-70.92012146060264,-0.6912933408505566,-0.2213914261547667,0.8817309,0.7178286,-0.49129337072372437,-0.02139142155647278
-0.0867746228994073,-1.0073255138595503,0.3045896102158162,-34.780215854215925,5.100241190797959,0.1677435659582298,0.4490379685580417,-0.90782577,0.835306,-0.032256439328193665,0.6490379571914673
-0.8752371851478689,-1.2445597561984303,0.5951527414997716,-188.46682990830428,-9.006468125830736,0.14954858592755116,-0.7523843518546023,-0.96796876,0.73172283,-0.05045141279697418,-0.5523843765258789
-0.07448935581962934,1.1065086584568165,0.08058948142686395,91.71317512033556,-121.14430125591227,-0.8592961847442577,0.6604926519537999,0.9120104,-0.93906605,-0.6592962145805359,0.46049267053604126
-0.17946891748824512,0.07778196715904384,0.04456469543532604,-149.08853743453005,-77.06323270521321,0.724304138425246,0.8825589992365108,0.6340884,0.66089183,0.6452723399554019,0.6825590133666992
-0.23055280574007808,-0.19256688464729566,0.434554189356571,-17.81223449858058,-7.275306072205325,0.13535649896484658,0.6086406688008903,-0.49292544,0.8152072,-0.0646435022354126,0.8086406588554382
-0.43367062247853516,1.2216114977000716,0.5537744170555253,8.030967489434943,85.03632450657238,0.5209044209370413,0.16127117828826765,0.92172164,0.6906048,0.7209044098854065,0.3612712025642395
0.9319215254465747,0.0454630092334356,0.8104757558338296,-132.50543851407227,-131.54141775166863,-0.9739737858332096,0.6839592760541324,0.92018074,-0.93407595,-0.773973822593689,0.4839593172073364
0.011248072841607337,0.26076550684434285,0.33065853766182685,12.298404125814955,-77.05766273597754,-0.15806630338927619,0.638138257576095,0.6828493,0.62586683,0.04193370044231415,0.650848249567269
-0.6848360446231319,-0.3398819355640226,0.31961425189599224,-40.0565030622264,-47.04647872929587,0.8943338223663493,0.18276678020527592,-0.95331323,0.8201815,0.6943338513374329,0.3827667832374573
0.027085306131374276,0.8501937970393003,0.09256907422543026,-86.08257428170786,-146.89286115378434,-0.6361829458393089,0.9280988071283205,0.94306535,-0.9617572,-0.43618297576904297,0.7280988097190857
0.8386615551196446,-0.4141307881577625,0.5878707225552746,145.08212191171015,11.746896373468104,-0.9121893395188057,0.022538938499894634,0.91977113,-0.9065001,-0.7121893763542175,-0.17746105790138245
0.6866855116689872,-1.1291512053686152,0.2592028970676946,82.66311940462072,-10.095553951252299,-0.9892783713446587,0.1445965617067042,0.93245345,-0.8975804,-0.7892783880233765,-0.055403441190719604
-0.5513303001025796,1.0499399540253926,0.9642544394420586,-96.42287695871454,58.16914250168463,-0.1435384996347664,0.04033222565222916,0.7539193,0.63743174,0.05646149814128876,0.24033223092556
0.2813261251624366,-0.3543653879070232,0.45178222515409616,-65.8929997704441,-31.06196457322676,-0.16836336774869753,-0.6311214797643281,0.69841844,0.52560323,0.031636640429496765,-0.43112146854400635
0.5375672979300918,-0.02301439590816079,0.26087775960367154,89.89774839590643,70.112746340954,-0.33058911952613634,0.6315881445203422,0.9111523,-0.9108988,-0.13058911263942719,0.43158817291259766
-0.08136532110217742,-0.6131323524906904,0.9560273173502314,59.8322197011571,54.490478784503665,0.40849579028939353,-0.6052489199026299,0.6385185,0.71095574,0.6084957718849182,-0.4052489399909973
-0.7581599948534843,-0.9743062751174864,0.9643274372844243,-69.67361810215286,-76.5054120540527,-0.47166572260821726,0.5085170839255839,-0.8802527,0.81523913,-0.6716657280921936,0.7085170745849609
0.17249306351329552,0.48061785597114914,0.4151745763607868,-2.366783020990283,88.54777910656708,-0.24299253823215983,0.40630410040693143,0.91705227,-0.94286543,-0.04299253225326538,0.20630408823490143
0.6236733459492845,-0.013810253898925762,0.15573333580109694,24.27750390735187,157.55676848723385,-0.6089373338377233,0.7930845561451922,0.9213122,-0.9247269,-0.40893733501434326,0.5930845737457275
-0.11485334719166773,-1.0635177253154036,0.7897375729543811,-54.43920176806972,-56.508194436043624,0.027255194268190452,-0.7811003196715482,-0.6772856,0.82300895,-0.17274481058120728,-0.581100344657898
-0.7191567202214997,-0.7425262966514129,0.6994053922265014,-55.63325539910869,-118.59634244798474,-0.6730285289947393,0.08006460713884689,-0.8885951,0.802853,-0.8730285167694092,0.2800646126270294
0.15271716825680626,0.872596432542462,0.15935043727404763,16.46713349436203,197.66792539545332,-0.6234475452737547,-0.06113564575852948,0.9051548,-0.93166363,-0.42344754934310913,-0.26113563776016235
-0.1574295470865099,-0.5145163644890183,0.9528856661434053,41.90643746349494,149.53490347930415,0.7818108378282882,0.03894848044304999,0.7254414,0.69208735,0.7254413962364197,0.23894847929477692
-0.6517746823469548,1.1425737443275672,0.9291260049017571,-13.820147626019093,161.01261264725304,-0.6184312100755827,0.031142464314670937,0.48775104,0.67226875,-0.41843122243881226,0.23114246129989624
0.6715996859965707,0.33773499644482907,0.6408629550676119,-142.21141204179068,-146.77908442007177,-0.27041955152469344,0.7403432059798125,0.91706127,-0.94030774,-0.07041953504085541,0.5403432250022888
-0.9400769824323536,-0.2723755932515054,0.7090816734595129,19.172229252443316,66.67568574053041,0.6341911004720753,-0.36736441974906575,-0.96614283,0.8207476,0.43419110774993896,-0.16736440360546112
-0.11180191804923512,-0.8418615116574222,0.5988776476766321,-0.25743496819470124,109.67232139498606,-0.31939194784287017,-0.9836074409994731,-0.9318074,0.83509415,-0.5193919539451599,-0.7836074233055115
-0.3327735416197948,0.678842838493491,0.37689681524726304,29.1204586659955,184.72804152629914,-0.5969776815295731,0.9197034754764322,0.5065106,0.54080856,-0.3969777226448059,0.7197034955024719
0.4079013478404181,-0.09613976289782422,0.4808912253143406,156.80228911892317,-83.84888310831316,0.05349502842474507,0.5801600672303948,0.89102,-0.88246095,0.2534950375556946,0.3801600933074951
0.17394880061122664,-0.4569716575274674,0.5343091759769055,-198.27083495346778,47.85425211697972,0.13251956305915846,-0.6716199446539799,0.59919983,0.53111804,0.3325195610523224,-0.47161996364593506
0.5023086660054765,0.8502898039140452,0.45413169374371243,-51.84550950369996,72.84574033724073,-0.06886323344799838,-0.40279774948187796,0.9235349,-0.94509184,0.13113677501678467,-0.6027977466583252
-0.428786171924487,0.31071395697959847,0.44845182376459725,-136.3261121571412,175.0592262665774,0.23841495348225838,-0.5026005643525351,-0.9811095,0.8855865,0.038414955139160156,-0.30260056257247925
-0.4333684525879429,0.25495627867684534,0.5200237174206701,-46.6045738989001,35.080090038001856,-0.8348261109360768,-0.5329270711563561,-0.94967484,0.8935094,-0.9496748447418213,-0.3329271078109741
0.7238246505340631,-0.18434181448933407,0.14817592660169798,31.994474254089766,-178.36590440467597,-0.8835320578055055,-0.11314972335116846,0.9087803,-0.93538314,-0.6835320591926575,-0.31314972043037415
0.19250850571165334,-0.3672494821207175,0.45545893820649397,-114.29795651637389,107.30852117636874,-0.30093062787358704,-0.39217803917139316,0.64544857,0.49188116,-0.10093061625957489,-0.19217802584171295
-0.6576597291373214,-0.2634780895458966,0.7789641032299541,-90.25989545498803,72.001536186279,0.20098090254084644,0.8602480265776173,-0.9525044,0.8767427,0.0009808987379074097,0.8914228340856927
-0.8936257413249864,0.6921996676908995,0.9314829339786992,-35.816783084302045,-109.72293305492045,0.4370776970713419,0.26433301515937413,-0.927845,0.90388936,0.23707769811153412,0.4643329977989197
0.5510677308111194,1.1014029468627538,0.4287321273740794,30.286136503312207,-175.8038402007692,0.0406733223238529,0.17782946517177534,0.88031983,-0.9521991,0.24067333340644836,-0.022170543670654297
-0.1947550861682723,-0.2795700506236215,0.7141082004777496,43.24505350705462,-91.50703434952514,-0.12576464946479948,-0.3067006312508571,0.5847693,0.76601654,0.07423534989356995,-0.10670061409473419
-0.3455208899014268,-0.2263903293448566,0.09746933276218117,-173.66869569333056,21.784599052794192,-0.6481238049106826,-0.07659838629549398,-0.9750707,0.8761445,-0.8481237888336182,0.12340161949396133
-0.5599359861011153,-0.34235879790467216,0.8585100533532745,107.45882506511134,-184.3970782325611,-0.5688928900244263,-0.5725293249420804,-0.735134,0.88141984,-0.7688928842544556,-0.3725293278694153
0.7214956823934664,-0.5275526514864193,0.549113298869161,10.002012257986593,28.651937515777036,-0.8172892389292588,0.7190801602760739,0.9309,-0.9141389,-0.6172892451286316,0.5190801620483398
0.9769475865143189,-0.7947127329487763,0.9239667231570324,-159.7321610071624,171.16808582316162,-0.8930125335519008,0.32765246371435097,0.9519108,-0.9167986,-0.693012535572052,0.12765245139598846
-0.32794339397991434,-0.11571759372349266,0.12802881334947513,-173.71759870767028,51.508186388167985,0.8466490844480554,-0.9494679590490502,-0.97308874,0.8791003,0.6466491222381592,-0.7494679689407349
-0.7163772493695582,-0.6235319102536072,0.1772821744457942,-48.976677960947654,147.4688692418968,0.46914220417674635,-0.14514553381862938,-0.98678154,0.7572288,0.269142210483551,0.05485446751117706
0.8495618144398518,-0.8523174926963079,0.764345992230933,172.18371541043467,83.08449025061009,0.6322239617959444,0.6671082637192107,0.93574625,-0.8584252,0.8322239518165588,0.46710824966430664
-0.822223827539537,-1.0211524960787763,0.6090213550798521,-79.86417500283606,94.3394643623796,-0.7299706558110581,-0.9981683649846764,-0.9788094,0.74593085,-0.9299706220626831,-0.7981683611869812
-0.9692900991471964,0.538142900602441,0.5333725280630529,150.91344204798332,106.05927599523875,-0.3240808491989644,-0.16753664428614146,-0.9787551,0.8258663,-0.5240808725357056,0.03246335685253143
-0.3691437157429309,-0.5905565302003152,0.3633774131331976,4.675818033555856,97.4753601962338,0.9074149336646475,-0.1114512030472925,-0.95737916,0.8143184,0.7074149250984192,0.08854880183935165
0.6059999568770291,1.0605467869348137,0.2797718797848704,-62.46860913321859,-77.30526271444647,0.8200328462776778,0.8668298669831591,0.90917206,-0.9603802,0.9091720581054688,0.6668298840522766
0.02472079657597548,0.43212521492239886,0.7615722705104835,-99.84766530545892,189.7973655117928,-0.19746015711877973,-0.40410209641940686,0.7215221,0.49678868,0.0025398433208465576,-0.20410208404064178
-0.5579369608864957,0.1593939585435291,0.9824050222971938,-194.13714251257588,132.95460203801895,0.8978216226889628,-0.13846360855881867,0.5035881,0.7721178,0.6978216171264648,0.06153640151023865
-0.12099698147152504,-0.6694434731016652,0.6334154379647947,97.61710455474685,-35.58290335014095,0.55095796628545,-0.3175559028405248,-0.55039954,0.82701457,0.350957989692688,-0.1175559014081955
0.09873728985253627,-1.0995319551612184,0.2774881838942068,-70.47177804595955,81.77264648814673,0.7541370455937877,-0.44227651994616557,-0.8650315,0.80166185,0.5541370511054993,-0.24227650463581085
0.4902650863792066,1.189223174551734,0.19646603569449617,33.795090379042364,78.34030514629922,0.6023110264252509,0.027828570519748297,0.9191339,-0.9552713,0.8023110032081604,-0.1721714287996292
-0.19746656765458726,0.44179606645665026,0.9951100194832704,-48.47532038768682,-182.475657391642,-0.7410470932672835,-0.004068098326297065,0.50759417,0.72713417,-0.5410470962524414,0.19593191146850586
-0.09985804149251165,-0.3238714978045818,0.3803304745576769,0.8773270243247566,154.67272724000122,-0.8377288097897779,-0.965580839460874,0.30096728,0.6195659,-0.6377288103103638,-0.7655808329582214
0.21906718754073595,0.9238048441904874,0.6940302197417302,-14.693401840665786,-162.3242562326697,-0.7039590884439679,-0.36632518136534564,0.9082187,-0.90807647,-0.5039591193199158,-0.5663251876831055
-0.8419337429580116,-1.2139217399288627,0.7056491573813432,-10.554730696463508,102.15826382288242,-0.6785545680451766,0.2730895969460352,-0.9708913,0.71474695,-0.8785545825958252,0.4730895757675171
-0.7490627057805959,-1.175626822429742,0.7192024212779917,-188.65182193669256,-40.58129173248392,-0.3753317422961253,0.26035862559305434,-0.9483572,0.77996594,-0.5753317475318909,0.4603586196899414
-0.385538495205062,-1.1027854109637134,0.6146125360915835,53.068384275516905,130.9122272451748,0.5693901034762241,0.6093012899903401,-0.9426928,0.80461574,0.3693901300430298,0.8093012571334839
0.0944824528502235,-1.1806832486394436,0.5462681152150718,-55.04720199695146,-134.870403749976,0.6110829276070067,-0.5731148348745667,-0.0058664605,0.7466492,0.411082923412323,-0.37311482429504395
0.2520172086918764,-0.7552160038513835,0.30999871558998593,-6.983664965786971,-43.15613793642382,-0.2527296304644715,-0.8299294081946853,0.6404706,0.5394601,-0.05272962152957916,-0.6299294233322144
0.5263233897270818,1.1779928609569326,0.3927708390631697,-149.0976867373548,13.696080333174962,0.4305969415103714,-0.11611086394721926,0.9180426,-0.96593475,0.630596935749054,-0.31611084938049316
0.44023069003336035,-0.32686721704539623,0.6719006764429766,-154.0517781580538,99.6003775876224,0.4280545367171211,0.2104333670551679,0.78901994,0.51822054,0.6280545592308044,0.4104333519935608
0.4780061208657318,0.6323720275953844,0.28136969426437464,149.63688852157276,194.7468187834055,0.5912129913658377,-0.4094980550837708,0.9043784,-0.911571,0.7912129759788513,-0.6094980835914612
0.19870949910533087,-0.06518619635216849,0.37876129141929893,186.84820623771157,67.90863133077676,-0.8887471729286358,-0.8678355551267127,0.6073444,0.6091071,-0.6887471675872803,-0.6678355932235718
-0.6541603527902056,1.1918574660486163,0.4405805768310297,-97.2086105559609,14.205486751023244,-0.18950193648202163,0.6013079102801526,-0.95908725,0.8762629,-0.3895019292831421,0.8013079166412354
0.14761420719272977,-0.1463617282586973,0.9637506439268979,-133.47986861161138,178.40949646294268,0.14983939306528216,0.540936470473993,0.65007114,0.52083755,0.34983938932418823,0.6658438910641694
0.030153855171005883,-0.5855008323891988,0.10226726875044656,15.38788405757333,-107.97239985431166,0.9185641887778431,0.7043152611265027,0.6810798,0.65587133,0.7185642123222351,0.6558713316917419
-0.31548931673370295,0.3462354689566087,0.47896030374232534,-53.10071274173484,47.268634154284285,-0.3901258172515807,0.24568581663136801,0.5480054,0.6918972,-0.19012580811977386,0.44568580389022827
0.8243031439717705,-0.9849778345091031,0.41526317523300105,141.01672834520855,63.22070111217732,0.9025471204904352,-0.9794057335228463,0.9256432,-0.90063953,0.9256432056427002,-0.900639533996582
-0.4850880935081978,-0.20676942614753258,0.05973215057525627,-94.36601150696666,41.90764405617392,-0.8563328047431435,0.5389323602781158,-0.98027176,0.8522913,-0.9802717566490173,0.7389323711395264
-0.8822696706464366,-0.4888088464330418,0.5799471417883657,-134.5966044278479,56.380628835234575,0.7122943037878331,0.06524676948872554,-0.97503096,0.81127703,0.5122942924499512,0.26524677872657776
-0.035023706013023626,-0.44702172547465535,0.9486796869200634,-145.32074949669925,0.42696716709312454,0.46459886743845,-0.0774192021491713,0.54666054,0.65318054,0.6612002636114939,0.12258080393075943
-0.42101945382180306,-0.08518221801458914,0.12459279354913766,-2.047689685025432,-8.797368547673557,0.7975449447877763,-0.0468868260880535,-0.95545894,0.860235,0.5975449681282043,0.15311317145824432
0.5993864748009154,0.8550699856710224,0.8913305896130523,116.57675585712661,-58.506953504219894,-0.2983151718173658,0.31940444191913064,0.90661556,-0.90789247,-0.09831516444683075,0.11940445005893707
-0.03682618034404439,-0.32671735233794497,0.2542389055925419,-108.9031104186724,137.5231134834458,0.7506423146882477,0.6181511620527673,0.54948074,0.5740505,0.6455640880995464,0.6701338379316997
0.12860346468726158,0.4920832028996944,0.8792381033307615,178.03093502822918,-88.47845671550046,-0.6804296695796772,0.8361826897162823,0.64529324,0.7333588,-0.4804297089576721,0.7436766453146063
0.33237034374829477,-1.1543094439230905,0.22995768061827715,49.95789316633838,164.57534430486328,0.6579458970566696,-0.6276369148918313,0.9509107,0.6676485,0.8579458594322205,-0.42763692140579224
-0.4492238043916501,-0.5397353768701396,0.8298989222184666,-36.936649966268476,175.55424223690272,-0.593131799663819,-0.030251386018270043,-0.96358865,0.8787153,-0.7931317687034607,0.16974861919879913
-0.83404021855191,0.5265177018217972,0.5303459291715615,-135.10699906168668,-146.95436118877825,-0.6101693682213083,-0.5918016821879342,-0.96897656,0.8837414,-0.8101693391799927,-0.39180171489715576
-0.9310615856950182,0.2564063413363553,0.9095921233923682,144.39751472995215,-44.07226253257926,-0.2939303429666116,0.4423888112140064,-0.9038875,0.8712845,-0.4939303398132324,0.6423888206481934
0.40254172764755736,-0.7661689276820929,0.09974297189422099,10.834673586512167,-118.06372405096664,0.7331892115117762,0.16649472314085867,0.91408575,-0.8318379,0.9140857458114624,-0.03350527584552765
-0.9158073914505189,0.9933951331004116,0.14006370888012432,47.10971362068946,182.54206722793168,-0.6677263651422394,0.05836435585956301,-0.9938454,0.81402385,-0.8677263259887695,0.25836434960365295
-0.14219978806201783,-0.5995688428395665,0.6320167404332706,-193.75732879003382,-124.41668584899107,-0.4896847235705697,0.5712920503791132,-0.42595395,0.8335863,-0.6896847486495972,0.7712920308113098
-0.013412096651432615,0.29575068839561913,0.3564943359935774,149.3506461783843,57.0778754024422,-0.4832450014216645,0.11762270586748991,0.6174079,0.59016,-0.2832450270652771,0.31762272119522095
0.9302589303491149,-1.0938388481711414,0.7905498299681697,181.3002750515812,6.2522012376586815,0.6214548717978159,-0.4086736250614491,0.92749333,-0.83552045,0.8214548826217651,-0.608673632144928
-0.6379288619583698,0.950119128331119,0.2849150947205429,146.84148035207954,98.72547908931864,0.9559962787785816,0.5685958157714277,-0.9689319,0.84517974,0.7559962868690491,0.768595814704895
-0.9639861770915488,0.2448529692199175,0.42837314852863206,-157.4672873476283,77.62104647700716,-0.3482377420524201,-0.5923485634188064,-0.98992705,0.8473943,-0.5482377409934998,-0.39234858751296997
0.27480630146001506,-0.3218637363493787,0.34934774459872664,165.12334545554887,-77.61568956805895,-0.2657863635786055,0.49926229092158003,0.75518364,0.5971696,-0.06578634679317474,0.6672011027098207
-0.38121974320254326,-0.717854942897235,0.276688466517678,101.90658072073273,12.563398139134705,0.47566773240914495,0.5852125352324171,-0.9297013,0.78367186,0.2756677269935608,0.785212516784668
-0.3876455022334806,0.5005786479429555,0.37220550033100264,-143.24314293657153,-54.770119294102045,-0.8877668778878309,-0.018405179907974745,-0.9161954,0.88339645,-0.9161953926086426,0.1815948188304901
0.6119872148637642,1.196216589813635,0.7819430519499077,73.52769670751633,-145.01360319553663,0.7961544096034965,-0.10513841847809946,0.88104075,-0.9362766,0.8938981927374604,-0.30513840913772583
0.16447034252773607,-0.09032751537381256,0.9702728286999655,105.70694355587864,154.32169163978386,-0.1478106846348075,-0.8538927526169462,0.5677679,0.6480777,0.05218932032585144,-0.6538927555084229
0.3273568263368385,-0.6283512698598148,0.07620072099636443,162.38982299691907,78.74616008933896,0.6882800308587345,0.0815323392164542,0.8174562,0.20406044,0.8174561858177185,0.0
0.7925580024338339,1.177298860777837,0.5717664028358127,99.04500187311686,58.59013187699611,-0.6239324745987269,-0.8519291005161123,0.90066826,-0.94177514,-0.4239324927330017,-0.9417751431465149
0.553613336729365,-0.47017799001449145,0.7769341209674873,-180.85100871069096,-1.0576158970921767,0.8811235161904885,-0.5419410549012416,0.8493406,-0.5175844,0.8999817556278065,-0.7419410347938538
-0.39451709153445025,-1.1776650788409861,0.5428593782498827,35.165918897215676,33.34140782558026,-0.8001095622491727,0.6840558778557866,-0.9344474,0.776281,-0.9344474077224731,0.8840558528900146
-0.7882638843886187,-0.4042950997655812,0.12125309095075676,-12.42105441891431,133.32007527822293,-0.6251808969114618,0.7138430268802514,-0.98677623,0.7576993,-0.8251808881759644,0.8845920581800943
-0.4081462152348452,0.24898479873155654,0.41529764040959605,161.8098775041608,4.182027715168374,0.845092013389364,0.1491477347334076,-0.95591664,0.8963955,0.6450920104980469,0.3491477370262146
0.005265335699066398,0.6373338546174387,0.6965398839752232,77.77774818659475,105.0456808159127,-0.4719779435708762,0.703722352561807,0.70138997,0.63254815,-0.271977961063385,0.6527595722103093
0.6678110104442276,-0.24599374083798464,0.8527067887621732,-62.27173071845792,69.00539103874064,-0.34136892977043143,-0.04917216997628615,0.92123044,-0.9023563,-0.14136894047260284,-0.249172180891037
-0.36595207349782966,0.9999274547262673,0.21567569134286513,-156.72741251924847,-94.0760219571394,0.3294696668578285,0.08634757477364352,0.72530234,0.6296427,0.5294696688652039,0.28634756803512573
-0.2695367508754962,-0.5854103906582651,0.7290714585795375,139.5145749726313,111.5921491450984,0.3285510396525728,0.8172516658570246,-0.9375478,0.8701416,0.12855105102062225,0.8934976530266394
0.9791690960496227,0.059834125371230895,0.9181170922506818,27.271770786001326,76.72536439527005,0.5223370648177748,0.8805188782905589,0.93741035,-0.90298593,0.7223370671272278,0.6805188655853271
0.04042691291602685,0.5942113232166026,0.9392193981916933,128.19188281424204,-111.40399537808024,-0.8618304400722396,-0.5967729789506391,0.5855678,0.7279864,-0.6618304252624512,-0.39677298069000244
0.38456027520397784,0.8841466857224969,0.5558620447856705,-125.91937961346606,-165.9367582209548,0.9927830939877942,0.22077681587506603,0.91473466,-0.946211,0.9147346615791321,0.020776808261871338
0.8330759923478299,-1.2374206203994964,0.16532841619126892,-53.74029956482724,-164.03832343590756,-0.8696726135184714,-0.9132480376210717,0.9614648,-0.9514997,-0.6696726083755493,-0.9514997005462646
-0.21542222557603163,-0.7724770284796436,0.9698759457181013,-157.08369562612341,-179.98057201165813,0.5057021545512663,0.6012627764659968,0.25066665,0.79910016,0.3057021498680115,0.7991001605987549
0.06087613714831397,-0.40608218035808497,0.6554258124027719,104.87588832990713,65.83143884141464,-0.19110766400690515,-0.4470868806780064,0.5441736,0.63760674,0.008892342448234558,-0.24708686769008636
-0.9483595815797039,0.7537772793762727,0.9987743190254691,190.29901959300292,-159.11165806976712,-0.2972889458243615,-0.9986234357555093,-0.8938241,0.8986109,-0.49728894233703613,-0.7986234426498413
0.7990414337192289,1.1321153400235802,0.7759522885592277,-142.16461107591968,-167.14466752104906,-0.8837758532018347,-0.03724473957308172,0.9099997,-0.9583854,-0.6837758421897888,-0.23724474012851715
-0.6119744799687556,-0.2463992820042029,0.0799089685995692,-50.05933873965293,84.9153772961248,-0.7715506049304428,0.9122722210259189,-0.98344165,0.8237629,-0.9715505838394165,0.8861797374282674
-0.9283379679460697,0.009364193513754948,0.7469284573167413,163.2276765002607,129.12301416941665,-0.8607365383777168,-0.9536152099465718,-0.96286696,0.84305966,-0.9628669619560242,-0.7536152005195618
0.46620870985626817,-1.0265948179770632,0.6241184658635287,85.79532946776328,5.907444794243531,0.31899557518769406,-0.9737937405536714,0.5928774,0.7615672,0.5189955830574036,-0.7737937569618225
-0.7091920468506829,1.1197042436513915,0.8795145636976367,-174.24519906275174,-11.252768553021895,-0.21795992665470765,0.9738621603658459,-0.59520125,0.8177004,-0.41795992851257324,0.9
0.9800643655292827,-1.110946448448207,0.3078273242198043,-30.887748775687726,17.091637174428968,-0.28581743140367943,0.9763950269997486,0.9459284,-0.9386861,-0.08581744134426117,0.7763950228691101
0.039239815146772994,0.645138472555902,0.7100166489083413,-170.91226500008977,36.527457664989754,0.5705432293140842,-0.9671587603382914,0.7302222,0.54779226,0.7705432176589966,-0.7671587467193604
-0.6170971969339283,-0.3010780579445307,0.31338494013293516,-10.327994506062595,-74.2283789264266,-0.21869186668771956,-0.6976274907911004,-0.94787186,0.8262667,-0.41869187355041504,-0.49762749671936035
-0.3134072022561265,-0.09969062742026558,0.8758459748855677,-137.82921295634466,64.36476403018503,-0.4551748842083527,-0.694782101942143,0.46190304,0.7245183,-0.2551748752593994,-0.49478209018707275
-0.20185290758006302,0.8841183623427189,0.27882921218336154,-70.98355997464091,-1.0296698667847863,0.9582152083629709,-0.6955627486665434,0.63276285,0.61994493,0.7582152485847473,-0.49556273221969604
-0.16131242278675706,0.29762948909394105,0.2991846374838869,170.87545792010917,-81.0971737427955,-0.4839332914852268,-0.5845793678440618,0.5731744,0.6806641,-0.28393328189849854,-0.3845793604850769
-0.1375763737226705,0.17985380515819127,0.38085472233327167,-70.06640975017584,8.9922533965335,-0.15035456433608507,-0.6399507984078991,0.5484961,0.64344865,0.04964543879032135,-0.4399508237838745
-0.5030210886097861,-0.6756106258574888,0.16463892623900167,-174.60363347416057,-139.2956668884049,0.048232159308660316,-0.14539270541190863,-0.9532105,0.82482713,-0.15176784992218018,0.05460730195045471
0.10053167476238811,0.6391638397766732,0.7933085271169581,90.70368836053484,-62.543486891867474,-0.5023079765254237,0.9645200710080164,0.705946,0.6888194,-0.30230796337127686,0.7645201086997986
0.7613695270509946,1.0302776898355388,0.5138210921220088,195.01507839816298,-73.37918447492666,-0.7106918556623432,0.7736670960658953,0.8803034,-0.9330312,-0.5106918811798096,0.5736671090126038
0.9073241205357085,-0.2912263052513162,0.4213625404713357,66.89038299511475,9.475711703478368,-0.7722524560557595,0.031195528203600276,0.9126905,-0.92246914,-0.5722524523735046,-0.16880446672439575
0.2962318860630202,1.1236258405902086,0.9756008511277975,63.14004570048479,110.4808094216059,0.2857153281043061,0.7996795715083416,0.9343885,-0.8830655,0.4857153296470642,0.5996795892715454
-0.8551134231496544,-0.20828732652429816,0.42067240669024963,158.08904951084793,-132.3561821649593,-0.5603767106232218,0.6128164557485596,-0.896992,0.7787578,-0.7603766918182373,0.8128164410591125
0.09850222938663622,-0.18727704278842294,0.07336331752051617,-165.91093384074446,34.56825647242684,0.3100364508453757,-0.8466084403180694,0.63328457,0.48479977,0.5100364685058594,-0.6466084718704224
0.8889830327162476,-0.026934425538208906,0.5453869834117917,-30.04178072809077,-55.139130523933545,0.7237898716244957,0.6825976455754283,0.913751,-0.92334723,0.9137510061264038,0.4825976490974426
0.33129851840604063,1.1197628313565966,0.8758722130166893,-16.459776889651238,74.17045663924279,-0.021226986213832344,0.31824806387321214,0.92813,-0.907197,0.17877301573753357,0.11824806034564972
-0.8633734071512607,-0.8321750569635178,0.6804591138443777,-46.43951054848577,130.7482590820378,-0.6135244107509412,-0.5706670400489102,-0.9807336,0.76636654,-0.8135244250297546,-0.370667040348053
-0.10949783492034904,-0.7768288934686864,0.4771516486922134,148.29541002472155,-123.35894108366632,0.5172471799792961,-0.08821046567642288,-0.7708491,0.8440584,0.317247211933136,0.11178953945636749
-0.8049982515803797,0.8033544018653034,0.2949405601962416,-9.606529079354942,118.47128623685461,0.9253354858693552,-0.3563638785411687,-0.98760855,0.8460968,0.7253354787826538,-0.15636388957500458
-0.09216415727080474,1.1812484984547917,0.00016247185210604975,-58.70175649788507,29.527016546470804,-0.07514306348515198,0.9383861085685885,0.9074186,-0.95785654,0.12485694140195847,0.7383860945701599
-0.8592676647220012,-0.013002154326378301,0.39349831067663876,33.45435211674928,50.91359848845488,0.9038355269038771,0.8436748886376051,-0.9681498,0.825427,0.7038355469703674,0.888275742665056
-0.685701261960006,0.8224686459339923,0.7168770318365077,-142.09213025927343,-194.968308517778,-0.25506633682671365,0.16270334125627106,-0.92744076,0.913186,-0.4550663232803345,0.3627033233642578
-0.9562813457805841,-1.1626862517734269,0.3967344097192279,-32.84459015775681,-27.537820389285628,0.7689724018686359,0.6122652836931124,-0.9668012,0.6545772,0.5689724087715149,0.8122652769088745
0.4503900767723308,0.7401055991694119,0.2616984357558544,56.44891245547615,-96.63466530254192,0.7451680394386111,0.9742500386413608,0.9128873,-0.9376088,0.9128872752189636,0.7742500305175781
-0.8978708310505519,-0.5985251117701029,0.7465640094872045,23.66804391174702,-87.97770459515282,-0.5465285331004031,-0.4706763959300484,-0.8970777,0.7791948,-0.7465285062789917,-0.2706763744354248
-0.36984995683139466,-1.101199257286119,0.2733548697838154,-122.40254499874163,-49.70978499002362,-0.37938849938873864,-0.2456096551301139,-0.9625904,0.80112964,-0.5793884992599487,-0.04560965299606323
0.7384837654791725,0.5433514058188014,0.985983249982007,-64.21209102377071,61.05495811706737,-0.7904977244790725,-0.059047557675107054,0.9312089,-0.91841763,-0.5904977321624756,-0.25904756784439087
-0.07487826674885878,-1.1114502153748993,0.582344918698005,-175.20670512891016,-37.988490144580396,0.7863375649829982,0.7791334566952837,-0.81364226,0.82622653,0.5863375663757324,0.9
0.39809335293681936,0.16454426488137797,0.4811510191193674,-148.51190550068537,70.38032330958413,-0.6960953175238143,0.7002488993858444,0.922244,-0.93330765,-0.49609529972076416,0.500248908996582
0.5440200022012183,1.1994542874354135,0.1758551125211728,183.87157528630541,-5.157186102649462,-0.9612871205397768,-0.9636394074597752,0.8926435,-0.94710416,-0.7612871527671814,-0.9471041560173035
-0.8678226496657921,-0.25017869718509,0.611855180013088,51.7617097280893,-77.85128415814503,0.11413165514387291,-0.9143577163580903,-0.9207376,0.81519026,-0.08586835116147995,-0.7143577337265015
0.21634251576537,0.13055480786816864,0.44133225164587053,-81.66503002841421,-87.26039598906424,-0.8719158367966209,-0.6724451097432875,0.7280705,0.58838814,-0.6719158291816711,-0.47244513034820557
-0.35525158095644405,1.0050004169034552,0.2645850728452849,-74.24814464686169,126.91764238240228,0.9869513164082753,0.4028719064248387,0.7680148,0.5755459,0.8650476222503544,0.6028718948364258
0.7966586041584665,-0.7407451811841346,0.681140396395457,-114.19825893029541,-119.12162237204109,-0.3981159405600909,-0.7862607625755131,0.9115818,-0.9134053,-0.19811592996120453,-0.9134052991867065
0.8727711634376776,-0.5227312372473116,0.6386557026416804,45.72470620674136,-29.272733427652668,0.38502094494576844,-0.478056809520383,0.9233968,-0.91331494,0.5850209593772888,-0.6780568361282349
0.42888514683290313,-0.05250144602055884,0.3769207498190512,-126.40904231277781,192.84921741049732,-0.2057407815384531,-0.8265931728109577,0.9124188,-0.91537523,-0.0057407766580581665,-0.9153752326965332
0.7250366721352537,0.0633844832643553,0.6955438933577349,42.056877566179736,-52.090223442059084,0.35451686802819493,-0.9361063036040367,0.89657784,-0.902439,0.5545168519020081,-0.9024389982223511
0.7063308952602096,0.21173403923677414,0.36942724555392514,-29.493642163901512,-154.75204623980449,-0.24505380643533514,-0.48580630570651673,0.89532226,-0.9368086,-0.04505380988121033,-0.6858063340187073
0.764602986912502,-0.005586911813612927,0.21495637830379444,0.6507325041371246,97.01718316512518,0.5170802049325498,0.5269205838998927,0.9191396,-0.92959,0.7170801758766174,0.3269205689430237
0.12010332281518776,0.365650356792921,0.12504703490917723,-55.75789946111277,-44.220254202164796,-0.06751597073906757,-0.87978337204549,0.88842213,-0.86928886,0.13248403370380402,-0.9
0.74138926491362,-0.3106741170918548,0.8350115602333226,122.57888881192389,94.73288603079993,0.7387621691178583,0.6493549544394881,0.9335443,-0.8995308,0.9335442781448364,0.44935494661331177
-0.07415174203228792,-0.6796637081620625,0.33078123098356704,101.2617856510609,190.53307632384315,-0.9255083318555342,-0.15211543863930665,-0.9673187,0.8156141,-0.9673187136650085,0.04788456857204437
-0.1557970135988831,-0.1870179004462582,0.3029559763571137,64.92635508653535,189.77877929553915,-0.7602070877387888,-0.7404974896244274,-0.2161927,0.67675143,-0.5602071285247803,-0.5404974818229675
0.5560024218422965,-0.15482157390744566,0.3608240058834997,-130.5219419925222,-48.016281161514,0.5468808141057184,0.6652513405416141,0.9147186,-0.9296688,0.746880829334259,0.4652513265609741
0.5432093301552097,-1.1414058836399774,0.886176783178564,139.18947783959243,-102.33829831292742,0.5323657171589515,0.698172729288689,0.6053158,0.7482883,0.6648385838230635,0.8078110531528975
0.7071335673453516,-0.6306063343221885,0.24660196172266535,-163.4769350797563,163.93886861919623,0.4144647674941804,0.8158122408773301,0.9340688,-0.934931,0.6144647598266602,0.6158122420310974
-0.8321451887856013,-0.6559561971063432,0.16138749521757656,-156.23409747980483,25.637557765377267,0.3820323453489094,0.2959164777745451,-0.98509884,0.7600963,0.18203233182430267,0.495916485786438
-0.7281828035633313,0.9861337665168444,0.2178500766603092,113.57020016528111,-172.50808687049806,0.042431127159954674,0.2690597730207338,-0.96863985,0.8875368,-0.15756887197494507,0.4690597653388977
0.37817077770565755,1.1769772409397241,0.6336154614573795,-44.224511974950076,-36.08140751322654,-0.9812614200665568,0.4246983260448731,0.91433865,-0.9457261,-0.7812614440917969,0.22469832003116608
0.7202426607628893,0.4024477975415488,0.6998049203054615,-84.13489479634988,-11.970762147371204,-0.7403615502488279,0.3159081581433556,0.9267054,-0.93278027,-0.5403615832328796,0.11590816080570221
-0.040826349388885186,-0.4465916403076148,0.7333687951268134,181.79562074970846,87.94465761128379,-0.7733683639123907,-0.5495564082723363,0.6158255,0.65814936,-0.5733683705329895,-0.34955644607543945
0.9814352804449791,0.08202928281595079,0.8341188913922913,-39.0042467203331,131.03112773986095,-0.7376228651767334,-0.12498058008639346,0.9380308,-0.92103547,-0.53762286901474,-0.32498058676719666
-0.4000458904210171,-1.0573592650315606,0.3210847042083861,-167.17161612066405,5.469877713750861,0.27425445655184655,-0.193751904655304,-0.97107553,0.8093491,0.07425446808338165,0.006248101592063904
-0.4259964388788322,-1.2363668333979116,0.7805606265444511,-69.60170744770991,72.79412664459784,0.6982840450841685,-0.9477069042512549,-0.92220926,0.8316258,0.4982840418815613,-0.7477068901062012
0.8617062230963581,-1.1140928573239084,0.06611201389785626,-132.7581830879072,-43.328941407935986,0.8872193803349424,0.9978201427095104,0.9711132,-0.9544796,0.9711132049560547,0.7978201508522034
0.3336546918123735,0.465302451219505,0.374399660895093,148.00934674757144,-160.07833230075215,-0.00797175812046036,-0.41136170746418044,0.86812735,-0.9026996,0.1920282393693924,-0.6113616824150085
-0.42256135466234324,0.289806651995407,0.5174372337898063,-35.35723491871789,-116.90165684495612,-0.4251835072325747,-0.19243482309327287,-0.85731816,0.89799476,-0.6251835227012634,0.0075651854276657104
0.2897713907204895,-0.9574118870654422,0.6536696467379661,-99.22059037909183,52.2545574077495,-0.5328507298093588,0.2643484189001739,0.62782437,0.50924474,-0.33285075426101685,0.4643484354019165
-0.015182153054189573,-1.2491567890079822,0.07166278424124994,78.06692782655165,131.55463816665576,0.1163104495053977,0.8867933190595199,-0.923013,0.8137344,-0.08368955552577972,0.8945910475662231
0.6953622519766411,1.0850378394991496,0.6849381693560203,68.41806523027554,-132.72737519610155,-0.6523296027391514,0.6272334371524784,0.8920978,-0.9429649,-0.4523296356201172,0.4272334575653076
0.7932642287586589,0.2662991100749399,0.9929805482379889,17.855125971992123,132.60048510425656,0.9626872137162852,0.47218419475181617,0.9451113,-0.9018451,0.9451112747192383,0.27218419313430786
0.30068282300538374,-0.20097506401356635,0.8229444453104036,-85.92626070360292,-126.4328765727437,0.07036151835239624,-0.08051444569430788,0.6400393,0.63781947,0.2703615128993988,0.11948555707931519
0.8061091746227262,1.1231566767704142,0.48576184314330373,-87.52849529535318,-129.77619462506334,-0.7897817975807582,-0.08307331686821318,0.90278286,-0.96025664,-0.5897818207740784,-0.2830733060836792
0.45745035795624345,-0.5316952396023069,0.7973162026546485,176.98681504394347,-101.16995944882005,-0.08428531713377896,0.6803059429857603,0.7457738,0.7076786,0.11571468412876129,0.7076786160469055
-0.588250359348337,-1.2066267987982764,0.6661988987859575,-135.3114777337815,47.00736934968552,-0.7055034884501288,0.9120711789475513,-0.9607047,0.7852193,-0.9055034518241882,0.888572329381553
-0.5893837073987247,-0.0919336764642944,0.2592944799519382,-160.30204102568814,40.82892895268287,-0.14909269716874074,-0.15885882710967958,-0.9779296,0.8644218,-0.3490927219390869,0.04114118218421936
-0.6847027123903224,-0.26615900359685196,0.7319223869878038,-89.4591920881358,-105.48133736904965,0.7999091564285814,-0.6843441560479693,-0.8889936,0.871645,0.5999091863632202,-0.4843441843986511
-0.3248719111696723,0.2978208908263704,0.3879851927813184,100.37733791818141,108.17715221924601,-0.509836668525913,-0.2524542995806405,-0.4924927,0.79058564,-0.7098366618156433,-0.05245430767536163
0.8046901093786398,0.11883903518003369,0.0542619899820348,-84.38171379818766,166.81448914535315,0.06445810507884553,0.1540672155998677,0.9239663,-0.9442457,0.2644581198692322,-0.04593278467655182
0.9735681359398178,-0.5921386420107231,0.9889226187049793,140.0186092296371,-9.313482123457248,-0.19052437270551126,0.4829669208044689,0.93064404,-0.89798445,0.00947563350200653,0.2829669117927551
0.3747410502989428,1.1483513698814827,0.7610130790005951,-124.75394458577074,11.80136897177718,-0.8173644497590491,0.9012862070824963,0.9308412,-0.93931663,-0.6173644661903381,0.7012861967086792
0.020493374190252434,0.2168075803371945,0.8392015267192245,105.0369864441011,-196.78343735408563,-0.013571939876678707,7.517832543824099e-05,0.5054923,0.7677876,0.18642807006835938,0.2000751793384552
0.2456048972771585,-0.11746060732606778,0.7667227146011671,41.34777329677135,-195.162405383059,-0.8324164182023064,0.17327949357363637,0.6120819,0.71247613,-0.6324164271354675,0.37327951192855835
